timestamp,frame,object,confidence,cx,cy,speed_kmh,zone_alert
09:56:11,1,person,0.611,328,312,0.0,
09:56:11,2,person,0.682,333,309,3.8,
09:56:11,3,person,0.664,334,309,3.3,
09:56:11,4,person,0.676,332,310,1.7,
09:56:11,5,person,0.69,335,311,2.2,
09:56:11,6,person,0.667,344,305,4.6,
09:56:11,7,person,0.664,339,315,3.0,
09:56:11,8,person,0.653,340,316,3.3,
09:56:11,9,person,0.683,338,311,2.2,
09:56:11,10,person,0.662,340,307,2.3,
09:56:11,11,person,0.662,340,307,1.6,
09:56:11,12,person,0.672,334,308,3.1,
09:56:11,13,person,0.668,326,317,5.0,
09:56:11,14,person,0.666,325,315,4.9,
09:56:11,15,person,0.682,336,310,1.8,
09:56:12,16,person,0.667,323,316,7.1,
09:56:12,17,person,0.671,338,310,1.7,
09:56:12,18,person,0.658,335,309,4.5,
09:56:12,19,person,0.679,329,315,1.5,
09:56:12,20,person,0.663,333,316,2.5,
09:56:12,21,person,0.677,337,312,5.3,
09:56:12,22,person,0.665,335,315,2.1,
09:56:12,23,person,0.657,330,317,3.4,
09:56:12,24,person,0.657,330,317,0.8,
09:56:12,25,person,0.668,334,314,0.8,
09:56:12,26,person,0.704,335,310,1.0,
09:56:12,27,person,0.669,334,310,1.8,
09:56:12,28,person,0.674,345,313,5.6,
09:56:12,29,person,0.699,347,308,6.9,
09:56:12,30,person,0.698,349,308,5.9,
09:56:12,31,person,0.71,349,306,5.3,
09:56:12,32,person,0.719,345,304,4.6,
09:56:12,33,person,0.735,345,303,3.7,
09:56:12,34,person,0.737,345,299,3.4,
09:56:12,35,person,0.746,356,291,6.7,YES
09:56:13,36,person,0.761,349,288,6.5,
09:56:13,37,person,0.757,355,285,7.8,YES
09:56:13,38,person,0.766,343,276,9.8,
09:56:13,39,person,0.775,345,276,8.3,
09:56:13,40,person,0.762,339,274,8.9,
09:56:13,41,person,0.748,337,270,7.5,
09:56:13,42,person,0.763,334,270,9.0,
09:56:13,43,person,0.77,322,269,7.7,
09:56:13,44,person,0.782,321,268,8.8,
09:56:13,45,person,0.774,321,268,6.5,
09:56:13,46,person,0.76,318,269,6.9,
09:56:13,47,person,0.765,315,269,6.9,
09:56:13,48,person,0.764,315,268,2.5,
09:56:13,49,person,0.75,298,269,8.3,
09:56:13,49,book,0.59,399,347,0.0,
09:56:13,49,book,0.518,362,343,0.0,
09:56:13,49,book,0.501,428,350,0.0,
09:56:13,50,person,0.745,297,270,8.7,
09:56:13,50,book,0.546,363,344,2.5,
09:56:13,50,book,0.537,399,346,1.8,
09:56:13,51,person,0.75,296,273,8.3,
09:56:13,51,book,0.51,397,346,2.2,
09:56:13,51,book,0.508,365,343,2.9,
09:56:13,52,person,0.761,298,273,6.5,
09:56:13,52,book,0.504,399,347,0.0,
09:56:13,53,person,0.773,293,274,8.5,
09:56:13,54,person,0.761,291,274,3.2,
09:56:13,55,person,0.743,292,274,2.4,
09:56:14,56,person,0.757,294,274,0.8,
09:56:14,57,person,0.767,294,275,1.6,
09:56:14,58,person,0.749,297,273,1.5,
09:56:14,58,book,0.577,398,346,0.0,
09:56:14,58,book,0.542,363,342,0.0,
09:56:14,59,person,0.73,306,274,5.3,
09:56:14,59,book,0.572,399,346,1.8,
09:56:14,59,book,0.521,363,342,0.0,
09:56:14,60,person,0.75,310,274,6.3,
09:56:14,60,book,0.555,398,346,0.0,
09:56:14,60,book,0.554,368,346,5.7,
09:56:14,61,person,0.757,319,269,9.3,
09:56:14,62,person,0.77,326,273,11.6,
09:56:14,63,person,0.777,330,270,11.9,
09:56:14,64,person,0.786,331,272,9.1,
09:56:14,65,person,0.776,341,277,11.1,
09:56:14,66,person,0.778,343,279,9.3,
09:56:14,67,person,0.764,353,277,9.8,YES
09:56:14,68,cat,0.566,376,286,17.5,
09:56:14,69,person,0.732,378,286,17.6,YES
09:56:14,70,person,0.724,380,287,14.6,YES
09:56:14,71,person,0.695,378,287,13.0,YES
09:56:14,72,person,0.702,382,287,11.2,YES
09:56:14,73,person,0.637,390,282,5.3,YES
09:56:14,74,cat,0.653,409,288,11.3,
09:56:14,75,cat,0.632,414,289,12.4,
09:56:15,76,cat,0.649,419,288,15.0,
09:56:15,77,cat,0.708,425,292,15.8,
09:56:15,78,cat,0.72,428,294,14.5,
09:56:15,79,cat,0.643,424,297,6.3,
09:56:15,80,person,0.691,441,291,9.8,YES
09:56:15,81,person,0.707,440,291,7.7,YES
09:56:15,82,cat,0.671,434,297,3.7,
09:56:15,83,person,0.652,441,290,4.9,YES
09:56:15,84,person,0.694,440,293,6.0,YES
09:56:15,85,person,0.677,439,292,0.8,YES
09:56:15,86,person,0.632,439,292,0.5,YES
09:56:15,87,person,0.673,438,296,1.5,YES
09:56:15,88,person,0.684,439,296,2.4,YES
09:56:15,89,person,0.691,436,295,1.7,YES
09:56:15,90,person,0.682,437,293,0.8,YES
09:56:15,91,cat,0.671,432,296,2.9,
09:56:15,92,person,0.642,439,292,1.5,YES
09:56:15,93,cat,0.617,423,298,6.0,
09:56:15,94,person,0.601,437,293,0.8,YES
09:56:15,95,person,0.555,372,284,24.5,YES
09:56:15,96,person,0.578,420,298,4.6,YES
09:56:16,97,person,0.526,363,286,27.7,YES
09:56:16,98,person,0.635,413,299,3.6,YES
09:56:16,99,person,0.669,414,298,8.5,YES
09:56:16,100,person,0.612,410,297,14.5,YES
09:56:16,101,person,0.588,381,286,14.8,YES
09:56:16,102,person,0.615,383,288,7.3,YES
09:56:16,103,person,0.602,410,296,1.5,YES
09:56:16,104,person,0.635,407,296,2.7,YES
09:56:16,105,person,0.649,405,297,1.8,YES
09:56:16,106,person,0.644,403,298,9.2,YES
09:56:16,107,cat,0.634,402,298,7.8,
09:56:16,108,person,0.649,377,291,12.1,YES
09:56:16,109,person,0.668,399,300,3.2,YES
09:56:16,110,person,0.67,401,300,1.8,YES
09:56:16,111,person,0.68,398,300,1.9,YES
09:56:16,112,person,0.687,395,301,2.7,YES
09:56:16,113,person,0.678,397,301,8.0,YES
09:56:16,114,person,0.687,398,301,0.5,YES
09:56:16,115,person,0.675,399,301,0.8,YES
09:56:16,116,teddy bear,0.642,405,301,2.6,
09:56:17,117,teddy bear,0.599,401,301,2.2,
09:56:17,118,teddy bear,0.682,404,304,2.7,
09:56:17,119,teddy bear,0.702,407,305,3.6,
09:56:17,120,teddy bear,0.633,407,306,3.4,
09:56:17,121,teddy bear,0.659,408,306,2.1,
09:56:17,122,teddy bear,0.688,406,307,2.8,
09:56:17,123,person,0.573,402,307,1.3,YES
09:56:17,124,person,0.579,399,304,2.9,YES
09:56:17,125,person,0.597,399,304,3.0,YES
09:56:17,126,person,0.663,396,304,4.4,YES
09:56:17,127,person,0.671,392,304,5.1,YES
09:56:17,128,person,0.659,389,303,4.9,YES
09:56:17,129,person,0.654,392,304,2.5,YES
09:56:17,130,person,0.663,389,304,3.6,YES
09:56:17,131,person,0.582,368,297,10.5,YES
09:56:17,132,person,0.657,394,303,0.8,YES
09:56:17,133,person,0.548,369,298,7.4,YES
09:56:17,134,person,0.654,393,306,0.8,YES
09:56:17,135,person,0.571,399,304,3.6,YES
09:56:17,136,person,0.541,398,307,11.4,YES
09:56:18,137,person,0.65,396,311,3.0,YES
09:56:18,137,person,0.552,78,316,0.0,
09:56:18,138,person,0.615,396,313,11.1,YES
09:56:18,138,person,0.601,114,311,65.0,
09:56:18,139,person,0.609,400,310,3.0,YES
09:56:18,140,person,0.609,400,310,2.2,YES
09:56:18,141,person,0.546,323,297,28.0,
09:56:18,142,person,0.619,323,297,27.4,
09:56:18,143,person,0.641,325,306,26.5,
09:56:18,144,person,0.591,256,317,52.2,
09:56:18,145,person,0.61,264,317,49.3,
09:56:18,146,person,0.59,322,308,3.8,
09:56:18,147,person,0.601,310,309,6.1,
09:56:18,148,person,0.603,320,302,2.2,
09:56:18,149,person,0.647,324,307,23.6,
09:56:18,150,person,0.625,309,305,16.0,
09:56:18,151,person,0.575,311,297,5.6,
09:56:18,152,person,0.644,317,304,3.1,
09:56:18,153,person,0.639,334,305,5.2,
09:56:18,154,person,0.6,221,314,0.0,
09:56:18,155,person,0.592,299,310,140.2,
09:56:18,156,teddy bear,0.593,466,293,0.0,
09:56:18,156,person,0.548,226,319,6.4,
09:56:19,157,person,0.586,279,315,34.8,
09:56:19,158,teddy bear,0.546,433,313,0.0,
09:56:19,159,teddy bear,0.596,401,313,57.7,
09:56:19,160,person,0.548,296,323,0.0,
09:56:19,161,person,0.62,261,334,66.4,
09:56:19,161,person,0.53,486,312,0.0,YES
09:56:19,162,person,0.589,284,324,10.8,
09:56:19,163,person,0.582,307,319,7.0,
09:56:19,164,person,0.55,327,294,19.0,
09:56:19,165,person,0.567,307,299,9.5,
09:56:19,166,person,0.587,308,320,17.6,
09:56:19,167,person,0.584,320,302,15.3,
09:56:19,168,person,0.614,312,304,5.8,
09:56:19,169,person,0.593,310,303,7.0,
09:56:19,170,person,0.551,310,319,7.4,
09:56:19,171,backpack,0.55,508,326,0.0,
09:56:19,172,person,0.589,315,317,0.0,
09:56:19,173,person,0.515,341,306,50.7,
09:56:19,174,person,0.548,305,322,10.2,
09:56:19,175,person,0.577,293,326,14.4,
09:56:19,176,person,0.578,281,328,16.2,
09:56:20,177,person,0.611,281,328,12.9,
09:56:20,178,person,0.594,253,330,33.2,
09:56:20,179,person,0.6,280,324,9.1,
09:56:20,180,person,0.632,284,322,3.6,
09:56:20,181,person,0.633,230,321,18.6,
09:56:20,182,person,0.597,229,329,19.0,
09:56:20,183,person,0.574,213,327,14.3,
09:56:20,184,person,0.555,243,325,13.5,
09:56:20,185,person,0.596,240,323,16.0,
09:56:20,186,person,0.601,326,308,0.0,
09:56:20,187,person,0.549,328,319,23.8,
09:56:20,188,person,0.556,258,324,68.1,
09:56:20,189,person,0.562,253,326,47.5,
09:56:20,190,person,0.582,198,324,60.3,
09:56:20,191,person,0.592,185,333,53.1,
09:56:20,192,person,0.556,321,307,0.0,
09:56:20,193,person,0.56,222,323,0.0,
09:56:20,193,backpack,0.516,469,313,0.0,
09:56:20,194,person,0.621,196,326,47.6,
09:56:20,195,person,0.605,221,325,2.0,
09:56:20,195,person,0.574,485,314,0.0,YES
09:56:20,196,person,0.55,205,327,10.6,
09:56:21,197,person,0.614,196,328,12.0,
09:56:21,198,person,0.543,217,326,2.1,
09:56:21,199,person,0.533,229,327,12.0,
09:56:21,199,teddy bear,0.506,480,321,0.0,
09:56:21,200,person,0.504,236,328,5.6,
09:56:21,201,person,0.51,199,325,2.3,
09:56:21,202,person,0.517,198,327,0.8,
09:56:21,203,backpack,0.53,465,308,0.0,
09:56:21,206,person,0.51,236,328,0.0,
09:56:21,208,person,0.587,192,334,0.0,
09:56:21,209,person,0.549,319,302,0.0,
09:56:21,210,person,0.519,248,325,134.7,
09:56:21,211,person,0.545,246,323,68.3,
09:56:21,212,person,0.573,319,304,1.2,
09:56:21,213,person,0.619,316,302,1.4,
09:56:21,214,person,0.581,322,290,4.5,
09:56:21,215,person,0.626,293,290,20.6,
09:56:21,216,person,0.643,299,292,22.2,
09:56:22,217,person,0.596,304,290,7.4,
09:56:22,218,person,0.693,286,291,11.4,
09:56:22,219,person,0.654,292,287,10.7,
09:56:22,220,person,0.703,316,284,8.5,
09:56:22,221,person,0.674,314,282,6.5,
09:56:22,222,person,0.718,314,286,3.9,
09:56:22,223,person,0.662,318,281,12.0,
09:56:22,224,person,0.705,315,279,8.8,
09:56:22,225,person,0.721,290,281,9.4,
09:56:22,226,person,0.714,300,277,5.3,
09:56:22,227,person,0.683,297,274,7.5,
09:56:22,228,person,0.74,300,271,7.4,
09:56:22,229,person,0.653,308,270,4.1,
09:56:22,230,person,0.653,308,270,7.6,
09:56:22,231,person,0.721,313,273,4.9,
09:56:22,232,traffic light,0.605,325,265,10.6,
09:56:22,233,person,0.63,312,267,4.5,
09:56:22,234,traffic light,0.619,292,185,0.0,
09:56:22,235,person,0.612,328,270,0.0,
09:56:22,236,person,0.623,297,268,57.3,
09:56:23,237,person,0.615,311,269,15.5,
09:56:23,238,traffic light,0.639,327,267,1.9,
09:56:23,239,person,0.69,322,273,3.0,
09:56:23,240,person,0.743,326,277,2.6,
09:56:23,241,person,0.727,329,275,11.8,
09:56:23,242,person,0.726,343,278,11.4,
09:56:23,243,person,0.726,343,278,6.6,
09:56:23,244,person,0.728,339,277,6.0,
09:56:23,245,person,0.728,339,277,4.5,
09:56:23,246,person,0.727,325,273,1.5,
09:56:23,247,person,0.728,326,274,6.1,
09:56:23,248,person,0.728,326,274,6.1,
09:56:23,249,person,0.73,331,269,4.0,
09:56:23,250,person,0.73,331,269,4.0,
09:56:23,251,person,0.721,329,268,2.3,
09:56:23,252,person,0.727,325,273,0.5,
09:56:23,253,person,0.737,334,266,4.1,
09:56:23,254,person,0.737,334,266,1.5,
09:56:23,255,person,0.729,332,262,2.5,
09:56:23,256,person,0.729,332,262,2.4,
09:56:24,257,person,0.722,329,266,2.9,
09:56:24,258,person,0.701,320,265,5.1,
09:56:24,259,person,0.726,320,263,5.2,
09:56:24,260,person,0.726,320,263,4.4,
09:56:24,261,person,0.684,321,273,5.6,
09:56:24,262,person,0.571,229,150,0.0,
09:56:24,263,teddy bear,0.552,321,286,0.0,
09:56:24,264,person,0.548,321,280,10.8,
09:56:24,264,person,0.531,220,154,0.0,
09:56:24,265,person,0.655,319,271,13.7,
09:56:24,265,person,0.605,216,152,8.1,
09:56:24,266,person,0.654,319,279,4.4,
09:56:24,266,person,0.567,214,153,5.5,
09:56:24,267,person,0.66,323,273,6.0,
09:56:24,268,person,0.672,320,267,6.9,
09:56:24,269,person,0.612,319,263,6.1,
09:56:24,269,book,0.556,407,371,0.0,
09:56:24,270,person,0.652,322,255,5.9,
09:56:24,271,person,0.684,317,253,9.4,
09:56:24,272,person,0.606,310,252,8.8,
09:56:24,273,person,0.583,313,249,7.0,
09:56:24,274,person,0.71,318,244,6.5,
09:56:24,275,person,0.714,319,246,3.3,
09:56:24,276,person,0.714,319,246,2.5,
09:56:25,277,person,0.734,319,243,4.4,
09:56:25,278,person,0.741,320,249,2.4,
09:56:25,279,person,0.741,320,249,1.9,
09:56:25,280,person,0.743,320,242,1.5,
09:56:25,281,person,0.745,320,246,0.4,
09:56:25,282,person,0.728,319,241,0.7,
09:56:25,283,person,0.728,319,241,2.7,
09:56:25,284,person,0.68,321,251,0.8,
09:56:25,285,person,0.68,321,251,3.1,
09:56:25,286,person,0.739,326,274,9.8,
09:56:25,287,person,0.741,327,279,13.7,
09:56:25,288,person,0.741,327,279,13.7,
09:56:25,289,person,0.753,329,279,10.2,
09:56:25,290,person,0.747,328,277,9.4,
09:56:25,291,person,0.747,328,277,1.3,
09:56:25,292,person,0.744,327,274,1.8,
09:56:25,293,person,0.759,328,278,0.5,
09:56:25,294,person,0.759,328,278,0.5,
09:56:25,295,person,0.756,328,278,0.4,
09:56:26,296,person,0.756,328,278,0.4,
09:56:26,297,person,0.742,328,275,0.5,
09:56:26,298,person,0.726,328,275,1.1,
09:56:26,299,person,0.74,325,274,1.8,
09:56:26,300,person,0.74,325,274,1.8,
09:56:26,301,person,0.756,321,267,4.7,
09:56:26,302,person,0.754,321,267,3.8,
09:56:26,303,person,0.754,321,267,3.8,
09:56:26,304,person,0.742,321,269,2.4,
09:56:26,305,person,0.722,321,263,4.3,
09:56:26,306,person,0.722,321,263,1.5,
09:56:26,307,person,0.722,321,263,1.5,
09:56:26,308,person,0.721,323,263,1.7,
09:56:26,309,person,0.721,323,263,2.3,
09:56:26,310,person,0.729,326,269,2.8,
09:56:26,311,person,0.729,324,270,2.8,
09:56:26,312,person,0.729,324,270,2.7,
09:56:26,313,person,0.724,324,270,2.6,
09:56:26,314,person,0.743,324,267,1.5,
09:56:26,315,person,0.743,324,267,1.0,
09:56:27,316,person,0.733,321,261,3.4,
09:56:27,317,person,0.728,323,267,1.1,
09:56:27,318,person,0.728,323,267,1.1,
09:56:27,319,person,0.712,321,260,2.8,
09:56:27,320,person,0.712,321,260,2.7,
09:56:27,321,person,0.686,322,256,1.8,
09:56:27,322,person,0.715,321,256,4.0,
09:56:27,323,person,0.711,321,256,4.0,
09:56:27,324,person,0.711,321,256,1.4,
09:56:27,325,person,0.72,321,256,1.4,
09:56:27,326,person,0.731,321,260,1.5,
09:56:27,327,person,0.731,321,260,1.5,
09:56:27,328,person,0.683,329,253,3.2,
09:56:27,329,person,0.708,323,257,0.8,
09:56:27,330,person,0.716,322,257,0.5,
09:56:27,331,person,0.716,322,257,1.1,
09:56:27,332,person,0.684,324,255,2.1,
09:56:27,333,person,0.684,324,255,1.9,
09:56:27,334,person,0.72,323,257,0.0,
09:56:27,335,person,0.703,323,256,0.5,
09:56:28,336,person,0.703,323,256,0.5,
09:56:28,337,person,0.715,322,257,1.0,
09:56:28,338,person,0.704,323,256,0.5,
09:56:28,339,person,0.704,323,256,0.4,
09:56:28,340,person,0.713,321,257,0.8,
09:56:28,341,person,0.727,321,255,0.8,
09:56:28,342,person,0.727,321,255,0.8,
09:56:28,343,person,0.756,321,267,4.0,
09:56:28,344,person,0.756,321,267,4.0,
09:56:28,345,person,0.746,320,276,6.9,
09:56:28,346,person,0.786,335,280,10.4,
09:56:28,347,person,0.795,340,282,12.0,
09:56:28,348,person,0.795,340,282,8.5,
09:56:28,349,person,0.789,338,281,7.7,
09:56:28,350,person,0.78,337,279,6.0,
09:56:28,351,person,0.784,335,282,0.7,
09:56:28,352,person,0.777,337,282,1.0,
09:56:28,353,person,0.785,339,284,0.8,
09:56:28,354,person,0.776,341,283,1.3,
09:56:28,355,person,0.779,340,286,2.8,
09:56:29,356,person,0.789,342,287,3.1,
09:56:29,357,person,0.778,336,283,0.5,
09:56:29,358,person,0.783,338,285,0.5,
09:56:29,359,person,0.779,338,285,1.3,
09:56:29,360,person,0.786,337,286,1.1,
09:56:29,361,person,0.778,345,285,1.3,
09:56:29,362,person,0.78,342,283,2.2,
09:56:29,363,person,0.788,342,284,1.5,
09:56:29,364,person,0.775,345,284,2.6,
09:56:29,365,person,0.777,342,283,2.1,
09:56:29,366,person,0.78,347,283,1.0,
09:56:29,367,person,0.758,344,283,0.7,
09:56:29,368,person,0.773,341,284,0.4,
09:56:29,369,person,0.768,345,285,0.4,
09:56:29,370,person,0.783,346,287,2.1,
09:56:29,371,person,0.775,347,287,1.5,
09:56:29,372,person,0.762,347,288,2.2,
09:56:29,373,person,0.783,345,287,1.9,
09:56:29,374,person,0.78,346,285,0.4,
09:56:29,375,person,0.786,347,287,0.4,
09:56:29,376,person,0.784,345,285,1.0,
09:56:30,377,person,0.79,345,287,0.8,
09:56:30,378,person,0.781,345,288,0.4,
09:56:30,379,person,0.768,345,288,1.2,
09:56:30,380,person,0.783,346,287,0.4,
09:56:30,381,person,0.759,345,285,0.0,
09:56:30,382,person,0.782,346,286,0.5,
09:56:30,383,person,0.773,346,287,0.5,
09:56:30,384,person,0.735,347,287,0.8,
09:56:30,385,person,0.773,344,287,0.7,
09:56:30,386,person,0.754,344,284,0.5,
09:56:30,387,person,0.74,350,287,1.5,
09:56:30,388,person,0.761,346,286,0.4,
09:56:30,389,person,0.773,341,287,2.1,
09:56:30,390,person,0.775,342,285,1.0,
09:56:30,391,person,0.765,344,283,0.4,
09:56:30,392,person,0.757,345,286,1.8,
09:56:30,393,person,0.778,342,285,1.5,
09:56:30,394,person,0.77,345,286,1.5,
09:56:30,395,person,0.762,341,286,0.5,
09:56:30,396,person,0.756,343,284,0.5,
09:56:31,397,person,0.779,344,286,0.4,
09:56:31,398,person,0.791,343,285,0.4,
09:56:31,399,person,0.749,344,285,0.5,
09:56:31,400,person,0.754,344,286,1.1,
09:56:31,401,person,0.78,343,284,0.0,
09:56:31,402,person,0.76,346,283,1.3,
09:56:31,403,person,0.772,345,284,0.8,
09:56:31,404,person,0.776,341,283,1.3,
09:56:31,405,person,0.762,345,285,0.5,
09:56:31,406,person,0.776,346,287,1.5,
09:56:31,407,person,0.761,346,286,1.1,
09:56:31,408,person,0.774,347,287,1.3,
09:56:31,409,person,0.75,341,285,0.7,
09:56:31,410,person,0.748,346,285,0.4,
09:56:31,411,person,0.768,344,283,1.6,
09:56:31,412,person,0.762,343,286,1.1,
09:56:31,413,person,0.751,345,287,0.7,
09:56:31,414,person,0.757,342,284,0.5,
09:56:31,415,person,0.773,345,286,0.5,
09:56:31,416,person,0.746,343,287,1.5,
09:56:32,417,person,0.743,346,286,1.1,
09:56:32,418,person,0.796,343,286,0.8,
09:56:32,419,person,0.787,343,286,0.8,
09:56:32,420,person,0.787,343,286,0.7,
09:56:32,421,person,0.784,341,284,1.3,
09:56:32,422,person,0.759,344,287,0.8,
09:56:32,423,person,0.781,343,285,0.4,
09:56:32,424,person,0.786,342,286,0.3,
09:56:32,425,person,0.78,345,287,0.8,
09:56:32,426,person,0.79,346,286,1.9,
09:56:32,427,person,0.774,346,287,0.7,
09:56:32,428,person,0.777,345,288,1.2,
09:56:32,429,person,0.777,341,287,0.5,
09:56:32,430,person,0.787,342,284,1.5,
09:56:32,431,person,0.775,345,287,0.5,
09:56:32,432,person,0.795,345,288,0.5,
09:56:32,433,person,0.795,345,288,0.0,
09:56:32,434,person,0.767,343,288,0.8,
09:56:32,435,person,0.761,347,287,2.1,
09:56:33,436,person,0.762,344,288,0.5,
09:56:33,437,person,0.781,342,289,1.1,
09:56:33,438,person,0.784,341,288,1.4,
09:56:33,439,person,0.774,337,292,2.6,
09:56:33,440,person,0.786,332,293,5.7,
09:56:33,441,person,0.775,331,294,5.1,
09:56:33,442,person,0.771,330,295,4.8,
09:56:33,443,person,0.763,330,300,5.8,
09:56:33,444,person,0.766,330,302,4.4,
09:56:33,445,person,0.762,328,304,4.2,
09:56:33,446,person,0.757,329,304,3.5,
09:56:33,447,person,0.763,326,305,3.6,
09:56:33,448,person,0.751,333,307,2.6,
09:56:33,449,person,0.697,332,308,2.0,
09:56:33,450,person,0.698,332,305,1.3,
09:56:33,451,person,0.68,334,309,2.4,
09:56:33,452,person,0.686,335,308,3.2,
09:56:33,453,person,0.704,329,307,1.3,
09:56:33,454,person,0.703,332,306,0.7,
09:56:34,455,person,0.69,329,308,1.4,
09:56:34,456,person,0.69,329,308,1.6,
09:56:34,457,person,0.717,333,307,0.7,
09:56:34,458,person,0.696,338,305,3.1,
09:56:34,459,person,0.718,337,310,2.2,
09:56:34,460,person,0.697,335,307,2.2,
09:56:34,461,person,0.698,339,308,3.5,
09:56:34,462,person,0.705,335,308,0.7,
09:56:34,463,person,0.691,336,310,1.8,
09:56:34,464,person,0.714,341,309,1.4,
09:56:34,465,person,0.687,339,311,1.9,
09:56:34,466,person,0.701,339,308,0.0,
09:56:34,467,person,0.709,340,308,1.8,
09:56:34,468,person,0.703,338,310,0.7,
09:56:34,469,person,0.681,339,309,0.7,
09:56:34,470,person,0.681,339,309,0.7,
09:56:34,471,person,0.717,339,310,0.7,
09:56:34,472,person,0.706,335,310,1.9,
09:56:34,473,person,0.702,336,310,0.7,
09:56:34,474,person,0.698,337,308,0.8,
09:56:35,475,person,0.693,337,307,1.0,
09:56:35,476,person,0.7,337,308,1.0,
09:56:35,477,person,0.703,338,309,1.2,
09:56:35,478,person,0.702,336,309,0.4,
09:56:35,479,person,0.722,341,308,1.3,
09:56:35,480,person,0.695,339,308,0.7,
09:56:35,481,person,0.699,335,308,0.7,
09:56:35,482,person,0.722,339,310,0.5,
09:56:35,483,person,0.734,339,309,1.0,
09:56:35,484,person,0.696,340,312,1.5,
09:56:35,485,person,0.715,336,310,1.3,
09:56:35,486,person,0.706,341,309,2.2,
09:56:35,487,person,0.708,339,310,0.0,
09:56:35,488,person,0.703,338,309,0.4,
09:56:35,489,person,0.714,339,311,0.5,
09:56:35,490,person,0.701,340,310,1.4,
09:56:35,491,person,0.694,338,312,1.5,
09:56:35,492,person,0.714,341,310,0.7,
09:56:35,493,person,0.693,339,308,0.5,
09:56:36,494,person,0.694,340,311,0.4,
09:56:36,495,person,0.693,344,311,1.5,
09:56:36,496,person,0.687,342,307,2.3,
09:56:36,497,person,0.68,340,309,0.5,
09:56:36,498,person,0.705,345,309,2.2,
09:56:36,499,person,0.696,342,308,1.2,
09:56:36,500,person,0.701,342,310,0.8,
09:56:36,501,person,0.717,338,311,1.9,
09:56:36,502,person,0.728,338,309,0.6,
09:56:36,503,person,0.697,342,307,1.1,
09:56:36,504,person,0.72,342,307,0.3,
09:56:36,505,person,0.721,338,310,1.3,
09:56:36,506,person,0.717,336,309,0.9,
09:56:36,507,person,0.717,336,309,0.6,
09:56:36,508,person,0.724,342,310,1.0,
09:56:36,509,person,0.703,343,308,0.5,
09:56:36,510,person,0.711,342,309,1.4,
09:56:36,511,person,0.702,340,304,2.2,
09:56:37,512,person,0.712,341,308,1.7,
09:56:37,513,person,0.714,343,309,0.5,
09:56:37,514,person,0.721,344,308,0.3,
09:56:37,515,person,0.727,343,308,0.4,
09:56:37,516,person,0.712,344,307,1.4,
09:56:37,517,person,0.747,339,310,0.8,
09:56:37,518,person,0.72,344,309,0.3,
09:56:37,519,person,0.723,342,309,0.6,
09:56:37,520,person,0.734,345,306,0.8,
09:56:37,521,person,0.723,350,305,1.8,
09:56:37,522,person,0.733,347,308,2.4,
09:56:37,523,person,0.744,346,308,0.7,
09:56:37,524,person,0.73,348,307,1.9,
09:56:37,525,person,0.738,348,307,1.0,
09:56:37,526,person,0.745,349,307,0.7,
09:56:37,527,person,0.725,349,306,0.9,
09:56:37,528,person,0.725,353,306,2.3,YES
09:56:38,529,person,0.721,352,306,1.4,YES
09:56:38,530,person,0.71,354,305,2.1,YES
09:56:38,531,person,0.717,356,304,2.6,YES
09:56:38,532,person,0.706,360,302,4.0,YES
09:56:38,533,person,0.718,356,303,1.5,YES
09:56:38,534,person,0.713,357,304,1.9,YES
09:56:38,535,person,0.704,359,303,1.9,YES
09:56:38,536,person,0.713,361,302,1.9,YES
09:56:38,537,person,0.695,360,302,0.0,YES
09:56:38,538,person,0.728,360,302,1.3,YES
09:56:38,539,person,0.745,353,305,1.3,YES
09:56:38,540,person,0.745,353,305,1.9,YES
09:56:38,541,person,0.702,357,303,1.2,YES
09:56:38,542,person,0.693,353,303,2.2,YES
09:56:38,543,person,0.725,354,302,2.0,YES
09:56:38,544,person,0.721,358,305,1.8,YES
09:56:38,545,person,0.693,364,311,4.5,YES
09:56:38,546,person,0.705,353,303,1.4,YES
09:56:38,547,person,0.69,371,307,6.2,YES
09:56:39,548,person,0.713,358,310,3.0,YES
09:56:39,549,person,0.694,356,304,0.8,YES
09:56:39,550,person,0.686,358,303,3.2,YES
09:56:39,551,person,0.683,360,303,2.3,YES
09:56:39,552,person,0.705,357,303,4.4,YES
09:56:39,553,person,0.689,360,311,0.7,YES
09:56:39,554,person,0.693,357,303,0.4,YES
09:56:39,555,person,0.68,358,304,0.3,YES
09:56:39,556,person,0.7,356,304,1.3,YES
09:56:39,557,person,0.687,359,310,2.5,YES
09:56:39,558,person,0.688,357,305,2.2,YES
09:56:39,559,person,0.708,353,305,1.3,YES
09:56:39,560,person,0.715,356,303,0.6,YES
09:56:39,561,person,0.706,359,302,1.0,YES
09:56:39,562,person,0.692,358,302,2.3,YES
09:56:39,563,person,0.701,359,304,0.7,YES
09:56:39,564,person,0.722,355,305,0.6,YES
09:56:40,565,person,0.705,357,304,0.4,YES
09:56:40,566,person,0.69,362,310,2.5,YES
09:56:40,567,person,0.712,358,311,2.7,YES
09:56:40,568,person,0.706,358,311,2.0,YES
09:56:40,569,person,0.689,361,305,1.7,YES
09:56:40,570,person,0.701,356,302,0.6,YES
09:56:40,571,person,0.682,362,304,1.6,YES
09:56:40,572,person,0.707,353,305,2.0,YES
09:56:40,573,person,0.688,356,303,2.1,YES
09:56:40,574,person,0.712,354,304,1.9,YES
09:56:40,575,person,0.695,355,303,0.4,YES
09:56:40,576,person,0.698,357,304,1.4,YES
09:56:40,577,person,0.699,356,303,1.1,YES
09:56:40,578,person,0.684,366,306,3.1,YES
09:56:40,579,person,0.692,355,304,0.3,YES
09:56:41,580,person,0.687,354,309,1.7,YES
09:56:41,581,person,0.711,352,304,1.4,YES
09:56:41,582,person,0.704,357,305,0.6,YES
09:56:41,583,person,0.696,354,303,3.5,YES
09:56:41,584,person,0.709,351,306,1.3,
09:56:41,585,person,0.682,356,303,1.8,YES
09:56:41,586,person,0.698,360,310,2.8,YES
09:56:41,587,person,0.692,353,305,1.1,YES
09:56:41,588,person,0.696,351,306,1.2,
09:56:41,589,person,0.702,357,305,1.7,YES
09:56:41,590,person,0.704,354,305,0.8,YES
09:56:41,591,person,0.697,351,306,2.8,
09:56:41,592,person,0.715,352,306,0.4,YES
09:56:41,593,person,0.719,351,305,0.3,
09:56:41,594,person,0.698,353,305,1.2,YES
09:56:41,595,person,0.722,345,307,2.7,
09:56:42,596,person,0.751,347,307,1.2,
09:56:42,597,person,0.731,344,309,2.7,
09:56:42,598,person,0.739,342,308,2.9,
09:56:42,599,person,0.714,336,309,5.1,
09:56:42,600,person,0.678,332,304,3.9,
09:56:42,601,person,0.729,335,309,3.6,
09:56:42,602,person,0.725,337,307,2.2,
09:56:42,603,person,0.733,318,299,7.9,
09:56:42,604,person,0.735,317,300,6.9,
09:56:42,605,person,0.741,312,297,7.4,
09:56:42,606,person,0.721,316,298,7.4,
09:56:42,607,person,0.729,313,299,8.5,
09:56:42,608,person,0.748,321,302,1.3,
09:56:42,609,person,0.746,324,298,2.2,
09:56:42,610,person,0.737,327,302,4.7,
09:56:42,611,person,0.683,334,299,5.6,
09:56:42,612,person,0.744,328,302,4.9,
09:56:42,613,person,0.744,328,300,2.7,
09:56:43,614,person,0.714,320,297,1.6,
09:56:43,615,person,0.714,320,297,3.4,
09:56:43,616,person,0.739,325,300,3.7,
09:56:43,617,person,0.747,330,301,0.9,
09:56:43,618,person,0.75,323,298,2.0,
09:56:43,619,person,0.761,326,299,2.4,
09:56:43,620,person,0.771,335,303,5.8,
09:56:43,621,person,0.765,333,304,3.1,
09:56:43,622,person,0.743,333,304,1.5,
09:56:43,623,person,0.762,335,304,4.8,
09:56:43,624,person,0.758,334,303,3.2,
09:56:43,625,person,0.778,337,304,0.8,
09:56:43,626,person,0.753,337,303,1.5,
09:56:43,627,person,0.765,335,303,0.8,
09:56:43,628,person,0.655,336,300,1.5,
09:56:43,629,person,0.719,345,303,4.0,
09:56:43,630,person,0.633,347,289,6.5,
09:56:43,631,person,0.719,340,303,1.1,
09:56:43,632,person,0.638,349,297,5.4,
09:56:43,633,person,0.67,349,296,4.9,
09:56:44,634,teddy bear,0.691,347,294,3.3,
09:56:44,635,teddy bear,0.68,348,290,0.5,
09:56:44,636,person,0.638,341,284,6.9,
09:56:44,637,person,0.637,352,279,6.7,YES
09:56:44,638,person,0.559,352,277,7.0,YES
09:56:44,639,teddy bear,0.555,354,279,6.0,
09:56:44,640,teddy bear,0.554,349,276,5.1,
09:56:44,641,person,0.577,349,271,5.1,
09:56:44,642,cat,0.616,340,262,6.8,
09:56:44,643,cat,0.598,347,261,5.6,
09:56:44,644,cat,0.645,346,258,7.6,
09:56:44,645,cat,0.579,347,257,6.4,
09:56:44,646,cat,0.594,345,257,5.3,
09:56:44,647,person,0.649,337,252,3.9,
09:56:44,648,person,0.722,347,257,1.4,
09:56:44,649,person,0.749,349,260,1.3,
09:56:44,650,person,0.698,351,258,1.5,
09:56:44,651,person,0.702,345,258,0.4,
09:56:44,652,person,0.743,348,261,5.0,
09:56:44,653,person,0.741,348,261,1.5,
09:56:45,654,person,0.635,340,255,3.7,
09:56:45,655,person,0.608,340,255,4.1,
09:56:45,656,person,0.667,347,258,0.7,
09:56:45,657,cat,0.582,346,260,0.8,
09:56:45,658,person,0.611,340,256,3.4,
09:56:45,659,cat,0.606,348,258,3.1,
09:56:45,660,cat,0.628,338,250,1.9,
09:56:45,661,cat,0.636,340,249,4.2,
09:56:45,662,cat,0.586,335,252,4.9,
09:56:45,663,person,0.622,345,254,1.9,
09:56:45,664,cat,0.512,348,254,1.4,
09:56:45,665,cat,0.618,345,257,3.6,
09:56:45,666,cat,0.626,342,255,2.3,
09:56:45,667,person,0.644,340,255,2.1,
09:56:45,668,cat,0.586,349,258,2.0,
09:56:45,669,person,0.621,342,256,2.3,
09:56:45,670,person,0.726,343,261,1.6,
09:56:45,671,person,0.585,343,257,0.8,
09:56:45,672,cat,0.64,347,259,2.7,
09:56:46,673,person,0.694,340,258,3.0,
09:56:46,674,cat,0.652,347,259,2.0,
09:56:46,675,person,0.576,339,258,1.7,
09:56:46,676,cat,0.697,347,260,1.8,
09:56:46,677,cat,0.642,345,260,0.8,
09:56:46,678,person,0.693,343,260,1.3,
09:56:46,679,cat,0.656,349,261,1.0,
09:56:46,680,person,0.676,343,257,1.5,
09:56:46,681,person,0.64,342,258,1.9,
09:56:46,682,cat,0.673,347,261,0.8,
09:56:46,683,person,0.633,341,259,0.8,
09:56:46,684,person,0.624,341,260,2.9,
09:56:46,685,person,0.673,339,258,1.5,
09:56:46,686,cat,0.602,353,263,4.3,
09:56:46,687,cat,0.599,345,262,0.8,
09:56:46,688,cat,0.64,344,260,1.1,
09:56:46,689,cat,0.625,349,262,2.6,
09:56:46,690,cat,0.632,347,261,2.7,
09:56:46,691,cat,0.632,347,261,2.0,
09:56:46,692,cat,0.614,340,257,2.3,
09:56:47,693,person,0.677,342,258,0.9,
09:56:47,694,person,0.666,338,258,4.2,
09:56:47,695,person,0.65,340,258,2.8,
09:56:47,696,person,0.68,344,260,1.1,
09:56:47,697,cat,0.562,348,262,3.4,
09:56:47,698,cat,0.654,348,261,2.4,
09:56:47,699,person,0.706,339,258,0.4,
09:56:47,700,cat,0.627,349,265,4.1,
09:56:47,701,person,0.665,344,259,0.4,
09:56:47,702,person,0.612,339,257,3.7,
09:56:47,703,person,0.667,341,260,2.6,
09:56:47,704,person,0.701,348,264,4.0,
09:56:47,705,person,0.701,348,264,0.5,
09:56:47,706,person,0.665,340,259,1.5,
09:56:47,707,cat,0.592,351,264,4.9,
09:56:47,708,cat,0.617,349,264,3.2,
09:56:47,709,person,0.703,347,264,0.4,
09:56:47,710,person,0.658,337,260,3.7,
09:56:47,711,cat,0.562,350,263,3.1,
09:56:48,712,cat,0.622,354,262,1.0,
09:56:48,713,person,0.66,337,259,3.6,
09:56:48,714,person,0.562,369,258,6.0,YES
09:56:48,715,person,0.672,346,268,3.3,
09:56:48,716,person,0.686,349,272,2.5,
09:56:48,717,person,0.684,344,269,3.3,
09:56:48,718,person,0.548,357,270,6.2,YES
09:56:48,719,person,0.708,350,282,8.2,
09:56:48,720,teddy bear,0.568,357,286,5.8,
09:56:48,721,person,0.671,351,280,2.3,
09:56:48,722,person,0.677,344,290,5.9,
09:56:48,723,teddy bear,0.57,345,294,7.6,
09:56:48,724,person,0.724,344,298,5.1,
09:56:48,725,person,0.72,339,302,7.2,
09:56:48,726,person,0.728,342,300,6.9,
09:56:49,727,person,0.752,341,303,4.0,
09:56:49,728,person,0.748,341,302,2.7,
09:56:49,729,person,0.761,341,303,1.7,
09:56:49,730,person,0.743,342,302,0.9,
09:56:49,731,person,0.762,342,302,0.6,
09:56:49,732,person,0.73,344,299,1.4,
09:56:49,733,person,0.718,344,299,1.2,
09:56:49,734,person,0.731,343,300,1.0,
09:56:49,735,person,0.731,343,300,0.6,
09:56:49,736,person,0.716,344,299,1.1,
09:56:49,737,person,0.709,347,299,0.9,
09:56:49,738,person,0.649,345,300,0.5,
09:56:49,739,teddy bear,0.652,338,302,1.7,
09:56:49,740,person,0.738,341,302,0.8,
09:56:49,741,person,0.758,341,301,1.1,
09:56:49,742,person,0.718,343,300,1.2,
09:56:49,743,person,0.738,345,300,0.0,
09:56:50,744,person,0.77,343,302,1.4,
09:56:50,745,person,0.742,337,303,1.1,
09:56:50,746,person,0.753,340,299,0.6,
09:56:50,747,person,0.736,341,299,0.6,
09:56:50,748,person,0.726,341,299,1.2,
09:56:50,749,person,0.747,342,300,0.6,
09:56:50,750,person,0.764,340,302,0.9,
09:56:50,751,person,0.77,336,302,1.4,
09:56:50,752,person,0.716,337,298,1.1,
09:56:50,753,person,0.745,341,299,0.0,
09:56:50,754,person,0.735,342,299,0.3,
09:56:50,755,person,0.742,342,298,1.3,
09:56:50,756,person,0.729,341,302,1.5,
09:56:50,757,person,0.714,340,299,0.9,
09:56:50,758,person,0.726,341,302,0.9,
09:56:51,759,person,0.74,341,302,1.0,
09:56:51,760,person,0.718,342,299,0.3,
09:56:51,761,person,0.75,343,299,1.0,
09:56:51,762,person,0.727,340,302,0.9,
09:56:51,763,person,0.712,341,300,0.5,
09:56:51,764,person,0.691,344,299,1.2,
09:56:51,765,person,0.702,344,300,0.6,
09:56:51,766,person,0.702,344,300,0.4,
09:56:51,767,person,0.743,343,303,0.9,
09:56:51,768,person,0.707,342,299,0.4,
09:56:51,769,person,0.689,343,299,0.3,
09:56:51,770,person,0.753,340,303,1.4,
09:56:51,771,person,0.777,343,303,0.8,
09:56:51,772,person,0.762,341,304,0.6,
09:56:51,773,person,0.728,344,302,1.0,
09:56:51,774,person,0.747,338,299,1.4,
09:56:52,775,person,0.694,345,302,1.4,
09:56:52,776,person,0.74,342,302,0.4,
09:56:52,777,person,0.668,345,300,1.7,
09:56:52,778,person,0.727,347,301,1.0,
09:56:52,779,person,0.742,342,303,1.6,
09:56:52,780,person,0.68,343,300,0.8,
09:56:52,781,person,0.731,343,300,0.6,
09:56:52,782,person,0.703,342,299,0.9,
09:56:52,783,person,0.753,341,299,1.8,
09:56:52,784,person,0.736,343,299,1.2,
09:56:52,785,person,0.745,342,303,1.0,
09:56:52,786,person,0.759,344,302,0.7,
09:56:52,787,person,0.749,341,297,0.7,
09:56:52,788,person,0.693,342,299,0.3,
09:56:52,789,person,0.718,338,298,1.5,
09:56:52,790,person,0.623,341,289,3.8,
09:56:53,791,person,0.68,338,299,1.9,
09:56:53,792,person,0.712,333,295,2.3,
09:56:53,793,person,0.724,340,298,0.6,
09:56:53,794,person,0.74,342,300,1.2,
09:56:53,795,person,0.712,339,303,3.8,
09:56:53,796,person,0.712,339,303,1.1,
09:56:53,797,person,0.683,343,299,2.9,
09:56:53,798,person,0.742,340,297,0.3,
09:56:53,799,person,0.704,342,298,0.5,
09:56:53,800,person,0.722,343,300,1.4,
09:56:53,801,person,0.734,338,296,2.0,
09:56:53,802,person,0.712,347,302,1.4,
09:56:53,803,person,0.756,339,303,1.7,
09:56:53,804,person,0.732,339,301,1.3,
09:56:53,805,person,0.73,342,300,0.3,
09:56:53,806,person,0.751,341,303,2.2,
09:56:54,807,person,0.772,343,303,1.2,
09:56:54,808,person,0.749,343,302,1.2,
09:56:54,809,person,0.769,344,303,1.5,
09:56:54,810,person,0.742,347,304,1.7,
09:56:54,811,person,0.754,348,303,1.9,
09:56:54,812,person,0.74,348,303,1.3,
09:56:54,813,person,0.747,351,302,2.2,
09:56:54,814,person,0.737,349,302,1.4,
09:56:54,815,person,0.744,352,303,1.4,YES
09:56:54,816,person,0.719,354,306,1.8,YES
09:56:54,817,person,0.723,355,304,1.9,YES
09:56:54,818,person,0.702,355,303,1.2,YES
09:56:54,819,person,0.677,352,305,1.2,YES
09:56:54,820,person,0.674,373,307,6.4,YES
09:56:54,821,person,0.679,367,308,4.0,YES
09:56:55,822,person,0.668,372,307,5.4,YES
09:56:55,823,person,0.676,370,308,5.0,YES
09:56:55,824,person,0.68,372,308,6.7,YES
09:56:55,825,person,0.685,351,306,7.0,
09:56:55,826,person,0.693,360,312,2.7,YES
09:56:55,827,person,0.694,353,305,6.4,YES
09:56:55,828,person,0.671,363,310,2.3,YES
09:56:55,829,person,0.673,371,308,0.3,YES
09:56:55,830,person,0.692,354,310,1.6,YES
09:56:55,831,person,0.688,358,304,2.6,YES
09:56:55,832,person,0.724,354,304,0.4,YES
09:56:55,833,person,0.715,355,303,3.2,YES
09:56:55,834,person,0.691,358,304,3.9,YES
09:56:55,835,person,0.715,360,310,1.8,YES
09:56:55,836,person,0.693,364,310,2.4,YES
09:56:55,837,person,0.721,355,304,0.3,YES
09:56:55,838,person,0.721,355,304,0.3,YES
09:56:55,839,person,0.718,362,302,1.4,YES
09:56:56,840,person,0.73,361,302,2.6,YES
09:56:56,841,person,0.717,357,301,3.8,YES
09:56:56,842,person,0.689,366,299,4.0,YES
09:56:56,843,person,0.718,365,301,3.7,YES
09:56:56,844,person,0.711,364,300,1.0,YES
09:56:56,845,person,0.69,363,301,0.7,YES
09:56:56,846,person,0.696,381,307,7.5,YES
09:56:56,847,person,0.719,366,301,0.6,YES
09:56:56,848,person,0.687,377,300,3.3,YES
09:56:56,849,person,0.687,380,298,4.4,YES
09:56:56,850,person,0.697,374,298,3.2,YES
09:56:56,851,person,0.684,380,297,3.0,YES
09:56:56,852,person,0.69,366,301,0.0,YES
09:56:56,853,person,0.69,378,296,1.3,YES
09:56:56,854,person,0.698,374,299,2.0,YES
09:56:56,855,person,0.678,378,297,1.3,YES
09:56:56,856,person,0.698,368,299,3.7,YES
09:56:57,857,person,0.695,375,298,2.8,YES
09:56:57,858,person,0.695,372,299,1.9,YES
09:56:57,859,person,0.672,374,298,0.3,YES
09:56:57,860,person,0.691,374,298,1.2,YES
09:56:57,861,person,0.681,376,298,2.4,YES
09:56:57,862,person,0.689,371,299,1.3,YES
09:56:57,863,person,0.69,377,299,1.5,YES
09:56:57,864,person,0.695,381,305,3.0,YES
09:56:57,865,person,0.672,366,300,2.5,YES
09:56:57,866,person,0.668,380,298,1.2,YES
09:56:57,867,person,0.705,372,299,0.3,YES
09:56:57,868,person,0.703,366,301,3.3,YES
09:56:57,869,person,0.695,373,300,2.8,YES
09:56:57,870,person,0.64,368,295,1.7,YES
09:56:57,871,person,0.663,375,298,1.5,YES
09:56:57,872,person,0.675,368,300,1.2,YES
09:56:58,873,person,0.663,377,295,3.7,YES
09:56:58,874,person,0.692,369,300,1.2,YES
09:56:58,875,person,0.667,373,296,1.5,YES
09:56:58,876,person,0.658,373,296,0.9,YES
09:56:58,877,person,0.701,370,297,1.2,YES
09:56:58,878,person,0.691,372,298,2.0,YES
09:56:58,879,person,0.683,367,298,0.9,YES
09:56:58,880,person,0.695,364,301,3.3,YES
09:56:58,881,person,0.698,363,301,3.4,YES
09:56:58,882,person,0.68,372,297,0.6,YES
09:56:58,883,person,0.705,362,300,2.8,YES
09:56:58,884,person,0.701,365,300,0.8,YES
09:56:58,885,person,0.717,361,301,0.9,YES
09:56:58,886,person,0.709,371,299,2.5,YES
09:56:58,887,person,0.7,362,301,3.2,YES
09:56:58,888,person,0.698,376,298,4.2,YES
09:56:58,889,person,0.689,372,297,2.3,YES
09:56:59,890,person,0.695,362,302,0.4,YES
09:56:59,891,person,0.678,376,307,2.7,YES
09:56:59,892,person,0.708,376,298,4.3,YES
09:56:59,893,person,0.677,374,297,0.7,YES
09:56:59,894,person,0.694,376,297,1.2,YES
09:56:59,895,person,0.701,376,299,4.3,YES
09:56:59,896,person,0.699,371,300,2.6,YES
09:56:59,897,person,0.715,365,301,3.4,YES
09:56:59,898,person,0.719,365,303,3.2,YES
09:56:59,899,person,0.709,366,301,3.1,YES
09:56:59,900,person,0.701,363,301,3.7,YES
09:56:59,901,person,0.696,375,298,1.4,YES
09:56:59,902,person,0.696,375,298,3.1,YES
09:56:59,903,person,0.717,362,302,1.0,YES
09:56:59,904,person,0.696,375,297,3.1,YES
09:56:59,905,person,0.706,364,302,0.4,YES
09:57:00,906,person,0.691,363,302,3.7,YES
09:57:00,907,person,0.714,363,301,3.5,YES
09:57:00,908,person,0.688,363,301,0.4,YES
09:57:00,909,person,0.715,360,302,4.5,YES
09:57:00,910,person,0.715,354,302,2.8,YES
09:57:00,911,person,0.7,355,302,2.3,YES
09:57:00,912,person,0.725,355,302,2.3,YES
09:57:00,913,person,0.71,357,301,1.6,YES
09:57:00,914,person,0.706,357,302,0.8,YES
09:57:00,915,person,0.692,356,301,0.6,YES
09:57:00,916,person,0.701,355,302,0.0,YES
09:57:00,917,person,0.673,354,296,1.8,YES
09:57:00,918,person,0.696,357,301,0.0,YES
09:57:00,919,person,0.694,358,301,0.4,YES
09:57:00,920,person,0.703,362,301,1.6,YES
09:57:00,921,person,0.723,357,302,0.5,YES
09:57:01,922,person,0.707,356,300,1.2,YES
09:57:01,923,person,0.733,351,304,1.8,
09:57:01,924,person,0.751,350,305,2.5,
09:57:01,925,person,0.747,350,306,3.5,
09:57:01,926,person,0.752,346,306,3.3,
09:57:01,927,person,0.733,344,307,3.8,
09:57:01,928,person,0.741,342,309,2.8,
09:57:01,929,person,0.721,340,308,2.9,
09:57:01,930,person,0.73,331,308,5.7,
09:57:01,931,person,0.738,335,307,3.3,
09:57:01,932,person,0.758,329,305,4.7,
09:57:01,933,person,0.743,325,306,5.7,
09:57:01,934,person,0.739,325,304,5.6,
09:57:01,935,person,0.715,321,302,4.2,
09:57:01,936,person,0.731,323,305,4.4,
09:57:01,937,person,0.741,321,306,3.0,
09:57:01,938,person,0.735,319,305,2.2,
09:57:01,939,person,0.725,324,304,0.4,
09:57:02,940,person,0.735,324,303,1.2,
09:57:02,941,person,0.713,319,304,1.6,
09:57:02,942,person,0.74,319,303,1.4,
09:57:02,943,person,0.681,326,307,3.0,
09:57:02,944,person,0.701,325,304,0.4,
09:57:02,945,person,0.693,327,302,1.2,
09:57:02,946,person,0.693,327,302,3.2,
09:57:02,947,person,0.723,319,304,0.4,
09:57:02,948,person,0.738,328,309,1.1,
09:57:02,949,person,0.741,323,306,1.0,
09:57:02,950,person,0.729,330,304,1.3,
09:57:02,951,person,0.742,327,304,0.7,
09:57:02,952,person,0.761,330,304,4.0,
09:57:02,953,person,0.759,333,304,2.6,
09:57:02,954,person,0.747,336,304,4.7,
09:57:02,955,person,0.76,336,304,2.2,
09:57:02,956,person,0.726,334,301,2.7,
09:57:02,957,person,0.75,336,299,2.7,
09:57:02,958,person,0.75,342,292,5.3,
09:57:02,959,person,0.754,341,293,4.5,
09:57:03,960,person,0.74,341,293,4.3,
09:57:03,961,person,0.752,342,291,4.6,
09:57:03,962,person,0.743,339,288,4.3,
09:57:03,963,person,0.766,341,288,1.6,
09:57:03,964,person,0.754,345,286,3.0,
09:57:03,965,person,0.742,338,284,3.8,
09:57:03,966,person,0.694,344,284,2.9,
09:57:03,967,teddy bear,0.667,343,286,1.8,
09:57:03,968,person,0.736,348,286,2.9,
09:57:03,969,person,0.703,343,285,0.9,
09:57:03,970,person,0.692,341,285,1.2,
09:57:03,971,person,0.767,343,284,0.4,
09:57:03,972,person,0.73,347,286,1.4,
09:57:03,973,person,0.714,346,286,0.7,
09:57:03,974,person,0.741,343,286,0.4,
09:57:03,975,person,0.743,344,286,1.2,
09:57:03,976,person,0.714,340,286,1.4,
09:57:03,977,person,0.759,345,285,0.9,
09:57:03,978,person,0.741,349,286,1.1,
09:57:03,979,teddy bear,0.586,350,281,3.2,
09:57:03,980,person,0.752,339,286,1.8,
09:57:03,981,person,0.721,347,286,2.7,
09:57:04,982,person,0.624,347,283,1.1,
09:57:04,983,person,0.691,346,286,1.2,
09:57:04,984,person,0.741,349,285,1.5,
09:57:04,985,person,0.698,343,286,1.5,
09:57:04,986,person,0.743,344,287,1.1,
09:57:04,987,person,0.713,343,286,1.8,
09:57:04,988,person,0.722,347,286,0.4,
09:57:04,989,person,0.691,342,286,2.7,
09:57:04,990,person,0.687,348,285,1.9,
09:57:04,991,person,0.623,337,283,2.9,
09:57:04,992,person,0.725,340,285,1.1,
09:57:04,993,teddy bear,0.602,344,284,1.3,
09:57:04,994,person,0.726,341,284,0.8,
09:57:04,995,person,0.645,338,285,3.5,
09:57:04,996,person,0.669,344,285,2.6,
09:57:04,997,person,0.664,343,286,1.1,
09:57:04,998,person,0.601,339,281,2.1,
09:57:04,999,person,0.746,341,287,1.1,
09:57:04,1000,person,0.731,342,285,1.4,
09:57:04,1001,person,0.636,344,286,0.4,
09:57:05,1002,person,0.743,341,286,0.7,
09:57:05,1003,person,0.728,342,285,1.8,
09:57:05,1004,person,0.742,343,285,1.0,
09:57:05,1005,person,0.72,342,286,0.4,
09:57:05,1006,person,0.717,339,286,1.9,
09:57:05,1007,teddy bear,0.66,343,285,0.8,
09:57:05,1008,person,0.624,343,279,2.2,
09:57:05,1009,teddy bear,0.634,345,284,0.8,
09:57:05,1010,teddy bear,0.64,341,285,0.5,
09:57:05,1011,person,0.739,343,286,1.4,
09:57:05,1012,person,0.743,343,288,1.1,
09:57:05,1013,person,0.708,341,287,3.0,
09:57:05,1014,person,0.703,345,286,0.7,
09:57:05,1015,person,0.743,346,286,1.9,
09:57:05,1016,person,0.755,347,286,1.4,
09:57:05,1017,person,0.733,346,287,1.1,
09:57:05,1018,person,0.729,343,287,0.7,
09:57:05,1019,teddy bear,0.655,345,285,0.3,
09:57:05,1020,teddy bear,0.693,350,286,1.3,
09:57:06,1021,person,0.699,342,285,1.7,
09:57:06,1022,person,0.649,347,286,0.5,
09:57:06,1023,person,0.72,341,285,0.9,
09:57:06,1024,person,0.637,337,284,2.8,
09:57:06,1025,person,0.624,339,283,4.1,
09:57:06,1026,person,0.728,352,285,3.5,YES
09:57:06,1027,teddy bear,0.614,343,280,2.6,
09:57:06,1028,person,0.77,341,287,0.7,
09:57:06,1029,person,0.689,342,284,1.8,
09:57:06,1030,person,0.696,344,285,1.9,
09:57:06,1031,person,0.753,344,288,3.1,
09:57:06,1032,teddy bear,0.647,348,286,2.8,
09:57:06,1033,person,0.609,342,284,1.2,
09:57:06,1034,person,0.594,343,282,0.8,
09:57:06,1035,person,0.726,340,286,1.5,
09:57:06,1036,person,0.671,349,285,2.0,
09:57:06,1037,person,0.651,338,284,3.4,
09:57:06,1038,person,0.714,346,285,1.4,
09:57:06,1039,teddy bear,0.679,345,287,1.8,
09:57:06,1040,person,0.733,346,288,2.2,
09:57:07,1041,person,0.759,345,287,1.6,
09:57:07,1042,person,0.766,343,287,2.2,
09:57:07,1043,person,0.637,349,282,1.5,
09:57:07,1044,person,0.66,352,284,2.7,YES
09:57:07,1045,person,0.72,341,285,2.0,
09:57:07,1046,person,0.644,340,284,2.0,
09:57:07,1047,person,0.751,343,286,0.3,
09:57:07,1048,person,0.697,346,286,1.8,
09:57:07,1049,person,0.727,341,290,4.5,
09:57:07,1050,person,0.725,348,286,2.6,
09:57:07,1051,person,0.721,341,288,1.5,
09:57:07,1052,teddy bear,0.614,346,285,1.1,
09:57:07,1053,person,0.7,346,285,0.4,
09:57:07,1054,person,0.76,342,287,1.1,
09:57:07,1055,person,0.73,343,288,2.0,
09:57:07,1056,person,0.732,342,288,0.4,
09:57:07,1057,person,0.764,345,287,0.8,
09:57:07,1058,person,0.755,345,289,1.6,
09:57:07,1059,person,0.732,342,288,0.4,
09:57:07,1060,person,0.738,339,288,1.5,
09:57:08,1061,person,0.669,346,283,2.2,
09:57:08,1062,person,0.669,346,283,1.4,
09:57:08,1063,person,0.752,345,287,0.6,
09:57:08,1064,person,0.725,343,286,0.8,
09:57:08,1065,person,0.667,342,286,1.3,
09:57:08,1066,person,0.742,341,287,2.4,
09:57:08,1067,person,0.743,342,286,1.9,
09:57:08,1068,person,0.722,344,284,1.2,
09:57:08,1069,person,0.737,342,288,0.8,
09:57:08,1070,person,0.692,341,286,0.4,
09:57:08,1071,person,0.73,344,288,1.2,
09:57:08,1072,teddy bear,0.704,348,286,2.3,
09:57:08,1073,person,0.694,342,286,1.1,
09:57:08,1074,person,0.758,341,287,0.6,
09:57:08,1075,person,0.742,342,287,0.5,
09:57:08,1076,person,0.729,344,287,0.4,
09:57:08,1077,person,0.732,342,286,2.4,
09:57:08,1078,person,0.749,342,287,0.4,
09:57:08,1079,teddy bear,0.675,342,287,0.4,
09:57:08,1080,person,0.691,342,287,0.0,
09:57:08,1081,person,0.724,341,288,1.3,
09:57:09,1082,teddy bear,0.612,342,286,0.0,
09:57:09,1083,person,0.767,341,290,1.2,
09:57:09,1084,person,0.678,342,286,0.4,
09:57:09,1085,person,0.77,343,290,1.1,
09:57:09,1086,person,0.763,342,288,0.4,
09:57:09,1087,person,0.745,339,290,1.9,
09:57:09,1088,person,0.686,344,287,1.6,
09:57:09,1089,person,0.745,343,287,0.6,
09:57:09,1090,person,0.737,341,288,1.1,
09:57:09,1091,person,0.656,338,285,1.9,
09:57:09,1092,teddy bear,0.653,349,285,4.1,
09:57:09,1093,person,0.736,345,287,0.4,
09:57:09,1094,person,0.773,338,288,1.8,
09:57:09,1095,person,0.74,342,289,0.5,
09:57:09,1096,person,0.749,342,289,2.0,
09:57:09,1097,person,0.706,344,288,2.1,
09:57:09,1098,person,0.723,341,289,1.6,
09:57:09,1099,person,0.74,343,288,1.8,
09:57:09,1100,person,0.709,341,289,0.4,
09:57:09,1101,person,0.736,344,288,0.8,
09:57:09,1102,person,0.753,341,287,1.1,
09:57:10,1103,person,0.71,343,289,0.7,
09:57:10,1104,teddy bear,0.689,343,287,0.4,
09:57:10,1105,person,0.74,343,287,1.0,
09:57:10,1106,person,0.728,346,287,0.8,
09:57:10,1107,person,0.663,345,285,1.6,
09:57:10,1108,person,0.744,342,288,0.5,
09:57:10,1109,person,0.743,345,285,1.0,
09:57:10,1110,person,0.726,343,286,0.4,
09:57:10,1111,person,0.666,347,286,0.5,
09:57:10,1112,person,0.766,339,288,2.4,
09:57:10,1113,person,0.734,340,289,0.8,
09:57:10,1114,person,0.667,341,285,1.4,
09:57:10,1115,person,0.667,341,285,0.8,
09:57:10,1116,person,0.736,339,289,3.1,
09:57:10,1117,person,0.737,342,287,1.1,
09:57:10,1118,person,0.681,353,287,4.7,YES
09:57:10,1119,person,0.758,340,288,1.1,
09:57:10,1120,person,0.737,342,286,0.5,
09:57:10,1121,person,0.75,345,287,2.3,
09:57:10,1122,teddy bear,0.689,341,289,0.8,
09:57:11,1123,teddy bear,0.596,342,284,4.1,
09:57:11,1124,person,0.753,342,289,0.8,
09:57:11,1125,person,0.764,341,291,1.8,
09:57:11,1126,person,0.708,343,287,0.7,
09:57:11,1127,person,0.745,343,288,0.8,
09:57:11,1128,person,0.722,340,291,2.6,
09:57:11,1129,person,0.748,339,290,1.1,
09:57:11,1130,teddy bear,0.688,341,289,0.7,
09:57:11,1131,teddy bear,0.661,346,289,1.3,
09:57:11,1132,person,0.634,341,287,0.8,
09:57:11,1133,teddy bear,0.624,344,290,1.5,
09:57:11,1134,teddy bear,0.707,348,288,3.3,
09:57:11,1135,teddy bear,0.695,340,289,0.4,
09:57:11,1136,teddy bear,0.624,342,288,1.5,
09:57:11,1137,person,0.719,341,292,1.8,
09:57:11,1138,person,0.697,342,292,1.0,
09:57:11,1139,teddy bear,0.659,343,290,1.9,
09:57:11,1140,teddy bear,0.65,339,290,0.5,
09:57:11,1141,person,0.73,343,289,0.5,
09:57:11,1142,person,0.765,335,290,2.3,
09:57:12,1143,person,0.775,339,290,1.3,
09:57:12,1144,person,0.754,335,289,3.0,
09:57:12,1145,person,0.749,341,288,1.0,
09:57:12,1146,person,0.76,343,290,0.4,
09:57:12,1147,person,0.775,339,289,1.5,
09:57:12,1148,person,0.745,340,290,0.4,
09:57:12,1149,person,0.733,338,290,1.1,
09:57:12,1150,person,0.753,340,289,0.5,
09:57:12,1151,person,0.746,340,288,1.3,
09:57:12,1152,person,0.751,340,287,0.8,
09:57:12,1153,person,0.747,344,287,1.8,
09:57:12,1154,person,0.738,343,288,1.9,
09:57:12,1155,person,0.749,344,286,1.8,
09:57:12,1156,person,0.751,342,286,1.0,
09:57:12,1157,person,0.742,343,287,1.1,
09:57:12,1158,person,0.732,343,287,0.4,
09:57:12,1159,person,0.751,341,287,0.8,
09:57:12,1160,person,0.748,345,288,0.8,
09:57:12,1161,person,0.741,343,287,0.5,
09:57:12,1162,person,0.753,337,290,2.4,
09:57:13,1163,person,0.76,342,289,0.8,
09:57:13,1164,person,0.769,338,290,1.5,
09:57:13,1165,person,0.762,340,290,1.9,
09:57:13,1166,person,0.751,339,292,2.3,
09:57:13,1167,person,0.751,337,295,1.8,
09:57:13,1168,person,0.791,344,292,1.3,
09:57:13,1169,person,0.778,341,291,1.1,
09:57:13,1170,person,0.786,344,290,1.4,
09:57:13,1171,person,0.771,343,292,1.4,
09:57:13,1172,person,0.753,345,292,3.1,
09:57:13,1173,person,0.792,341,299,2.7,
09:57:13,1174,person,0.759,343,300,3.3,
09:57:13,1175,person,0.782,345,301,4.0,
09:57:13,1176,person,0.748,348,303,4.4,
09:57:13,1177,person,0.728,342,304,4.5,
09:57:13,1178,person,0.765,345,304,2.3,
09:57:13,1179,person,0.755,345,303,1.3,
09:57:13,1180,person,0.756,346,304,1.1,
09:57:13,1181,person,0.771,347,303,0.4,
09:57:14,1182,person,0.759,349,303,2.5,
09:57:14,1183,person,0.765,347,304,0.7,
09:57:14,1184,person,0.764,346,304,0.5,
09:57:14,1185,person,0.762,349,304,1.1,
09:57:14,1186,person,0.75,349,304,0.8,
09:57:14,1187,person,0.776,350,304,0.5,
09:57:14,1188,person,0.75,348,303,0.5,
09:57:14,1189,person,0.764,349,303,1.1,
09:57:14,1190,person,0.762,353,304,1.4,YES
09:57:14,1191,person,0.768,346,303,1.1,
09:57:14,1192,person,0.788,348,304,0.7,
09:57:14,1193,person,0.763,349,303,0.4,
09:57:14,1194,person,0.779,345,303,1.4,
09:57:14,1195,person,0.772,350,303,1.2,
09:57:14,1196,person,0.763,347,304,0.5,
09:57:14,1197,person,0.781,346,304,0.7,
09:57:14,1198,person,0.772,350,304,0.5,
09:57:14,1199,person,0.784,348,305,1.3,
09:57:14,1200,person,0.735,346,304,1.4,
09:57:14,1201,person,0.763,348,304,0.4,
09:57:14,1202,person,0.74,344,304,0.7,
09:57:15,1203,person,0.775,346,303,1.5,
09:57:15,1204,person,0.759,350,304,0.8,
09:57:15,1205,person,0.74,345,304,0.4,
09:57:15,1206,person,0.669,349,301,1.1,
09:57:15,1207,person,0.768,349,304,1.8,
09:57:15,1208,person,0.731,349,305,1.3,
09:57:15,1209,person,0.773,349,304,0.4,
09:57:15,1210,person,0.724,349,305,1.5,
09:57:15,1211,person,0.737,349,304,1.1,
09:57:15,1212,person,0.738,346,304,1.1,
09:57:15,1213,person,0.779,348,303,0.8,
09:57:15,1214,person,0.748,349,304,0.0,
09:57:15,1215,person,0.663,351,301,1.6,
09:57:15,1216,person,0.743,349,304,0.0,
09:57:15,1217,person,0.704,350,303,1.5,
09:57:15,1218,person,0.729,347,304,0.5,
09:57:15,1219,person,0.661,349,305,0.4,
09:57:15,1220,person,0.735,347,305,2.0,
09:57:15,1221,person,0.66,348,307,1.1,
09:57:15,1222,person,0.746,350,306,1.1,
09:57:16,1223,person,0.75,348,306,0.8,
09:57:16,1224,person,0.75,349,306,0.4,
09:57:16,1225,person,0.734,345,306,0.8,
09:57:16,1226,person,0.755,346,306,0.8,
09:57:16,1227,person,0.749,349,306,0.4,
09:57:16,1228,person,0.681,344,307,1.5,
09:57:16,1229,person,0.753,343,307,2.2,
09:57:16,1230,person,0.717,343,306,0.7,
09:57:16,1231,person,0.752,339,308,2.6,
09:57:16,1232,person,0.772,336,305,4.7,
09:57:16,1233,person,0.766,335,304,3.4,
09:57:16,1234,person,0.749,332,306,4.0,
09:57:16,1235,person,0.732,331,307,4.3,
09:57:16,1236,person,0.739,335,306,1.6,
09:57:16,1237,person,0.746,339,306,1.1,
09:57:16,1238,person,0.771,337,304,0.7,
09:57:16,1239,person,0.756,337,305,1.8,
09:57:16,1240,person,0.747,338,304,2.7,
09:57:16,1241,person,0.758,334,304,0.8,
09:57:16,1242,person,0.727,337,305,0.8,
09:57:17,1243,person,0.726,334,305,1.1,
09:57:17,1244,person,0.726,340,304,1.1,
09:57:17,1245,person,0.694,335,299,2.1,
09:57:17,1246,person,0.713,337,305,1.1,
09:57:17,1247,person,0.723,342,304,1.8,
09:57:17,1248,person,0.715,335,303,0.8,
09:57:17,1249,person,0.74,337,304,1.1,
09:57:17,1250,person,0.778,338,305,2.4,
09:57:17,1251,person,0.723,331,305,2.2,
09:57:17,1252,person,0.741,328,305,5.0,
09:57:17,1253,person,0.744,326,306,3.4,
09:57:17,1254,person,0.71,323,308,5.2,
09:57:17,1255,person,0.706,325,309,4.9,
09:57:17,1256,person,0.714,312,307,6.9,
09:57:17,1257,person,0.632,380,315,19.1,YES
09:57:17,1257,person,0.535,127,409,0.0,
09:57:17,1258,person,0.654,374,315,17.7,YES
09:57:17,1259,person,0.637,368,316,16.5,YES
09:57:17,1260,person,0.643,390,316,23.5,YES
09:57:17,1260,person,0.557,146,389,0.0,
09:57:17,1261,person,0.668,405,317,33.7,YES
09:57:17,1261,person,0.647,135,390,20.2,
09:57:17,1262,person,0.676,368,316,4.3,YES
09:57:18,1263,person,0.673,372,314,0.8,YES
09:57:18,1264,person,0.681,372,315,1.5,YES
09:57:18,1265,person,0.604,372,316,6.5,YES
09:57:18,1266,person,0.665,372,315,12.0,YES
09:57:18,1267,person,0.622,364,315,1.5,YES
09:57:18,1268,person,0.67,365,315,2.5,YES
09:57:18,1269,person,0.688,365,314,2.5,YES
09:57:18,1270,person,0.675,356,311,6.1,YES
09:57:18,1271,person,0.666,353,311,6.9,YES
09:57:18,1272,person,0.683,360,313,1.6,YES
09:57:18,1273,person,0.686,346,313,6.9,
09:57:18,1274,person,0.701,351,314,5.0,
09:57:18,1275,person,0.692,348,313,3.0,
09:57:18,1276,person,0.698,356,313,1.3,YES
09:57:18,1277,person,0.689,355,314,1.8,YES
09:57:18,1278,person,0.688,354,311,3.0,YES
09:57:18,1279,person,0.685,360,313,3.3,YES
09:57:18,1280,person,0.692,358,313,3.6,YES
09:57:18,1281,person,0.7,349,312,2.5,
09:57:18,1282,person,0.695,353,315,0.8,YES
09:57:19,1283,person,0.689,359,315,2.3,YES
09:57:19,1284,person,0.705,359,314,0.5,YES
09:57:19,1285,person,0.7,359,313,0.4,YES
09:57:19,1286,person,0.707,348,313,0.5,
09:57:19,1287,person,0.686,360,313,2.6,YES
09:57:19,1288,person,0.697,350,314,3.3,
09:57:19,1289,person,0.696,359,313,0.4,YES
09:57:19,1290,person,0.692,360,315,0.8,YES
09:57:19,1291,person,0.691,352,313,1.4,YES
09:57:19,1292,person,0.7,345,313,5.4,
09:57:19,1293,person,0.663,355,311,2.2,YES
09:57:19,1294,person,0.692,349,312,3.6,
09:57:19,1295,person,0.698,346,310,5.4,
09:57:19,1296,person,0.687,360,312,2.9,YES
09:57:19,1297,person,0.69,362,313,6.1,YES
09:57:19,1298,person,0.688,358,314,1.5,YES
09:57:19,1299,person,0.692,347,312,0.7,
09:57:19,1300,person,0.686,354,310,2.9,YES
09:57:19,1301,person,0.707,348,310,4.4,
09:57:19,1302,person,0.689,356,310,2.4,YES
09:57:20,1303,person,0.703,345,312,4.7,
09:57:20,1304,person,0.718,355,310,3.0,YES
09:57:20,1305,person,0.707,351,312,1.3,
09:57:20,1306,person,0.719,356,307,3.1,YES
09:57:20,1307,person,0.723,344,308,4.3,
09:57:20,1308,person,0.713,345,310,0.7,
09:57:20,1309,person,0.729,345,310,3.6,
09:57:20,1310,person,0.711,354,310,1.3,YES
09:57:20,1311,person,0.689,347,311,3.5,
09:57:20,1312,person,0.701,346,309,0.8,
09:57:20,1313,person,0.7,344,313,1.1,
09:57:20,1314,person,0.706,348,313,1.5,
09:57:20,1315,person,0.696,356,315,2.0,YES
09:57:20,1316,person,0.7,354,312,2.7,YES
09:57:20,1317,person,0.69,354,315,3.9,YES
09:57:20,1318,person,0.705,361,311,6.6,YES
09:57:20,1319,person,0.684,356,313,3.1,YES
09:57:20,1320,person,0.684,356,313,0.8,YES
09:57:20,1321,person,0.692,354,312,0.0,YES
09:57:20,1322,person,0.695,357,314,1.1,YES
09:57:21,1323,person,0.69,351,311,3.6,
09:57:21,1324,person,0.687,348,308,3.4,
09:57:21,1325,person,0.691,356,313,0.0,YES
09:57:21,1326,person,0.702,347,314,2.6,
09:57:21,1327,person,0.722,346,311,4.1,
09:57:21,1328,person,0.695,344,313,2.6,
09:57:21,1329,person,0.715,350,312,1.6,
09:57:21,1330,person,0.688,344,314,4.3,
09:57:21,1331,person,0.692,344,311,1.5,
09:57:21,1332,person,0.693,350,314,1.8,
09:57:21,1333,person,0.701,337,314,2.5,
09:57:21,1334,person,0.701,337,314,4.7,
09:57:21,1335,person,0.673,343,310,1.5,
09:57:21,1336,person,0.67,345,313,0.8,
09:57:21,1337,person,0.675,349,314,0.4,
09:57:21,1338,person,0.694,343,313,2.2,
09:57:21,1339,person,0.685,339,312,1.0,
09:57:21,1340,person,0.689,352,313,3.4,YES
09:57:21,1341,person,0.702,344,314,0.5,
09:57:21,1342,person,0.665,357,318,3.2,YES
09:57:22,1343,person,0.694,361,315,6.5,YES
09:57:22,1344,person,0.688,363,316,8.8,YES
09:57:22,1345,person,0.675,357,319,2.8,YES
09:57:22,1346,person,0.682,359,320,5.8,YES
09:57:22,1347,person,0.697,361,321,1.8,YES
09:57:22,1348,person,0.7,362,322,2.5,YES
09:57:22,1349,person,0.683,355,322,3.6,YES
09:57:22,1350,person,0.697,364,323,2.9,YES
09:57:22,1351,person,0.686,341,326,6.8,
09:57:22,1352,person,0.676,339,327,8.2,
09:57:22,1353,person,0.691,334,330,10.5,
09:57:22,1354,person,0.69,331,330,9.1,
09:57:22,1355,person,0.689,358,326,2.4,YES
09:57:22,1356,person,0.695,333,330,3.2,
09:57:22,1357,person,0.7,333,332,2.8,
09:57:22,1358,person,0.688,338,330,1.4,
09:57:22,1359,person,0.7,332,333,1.1,
09:57:22,1360,person,0.692,337,333,7.9,
09:57:22,1361,person,0.685,333,331,0.4,
09:57:22,1362,person,0.673,334,332,0.4,
09:57:23,1363,person,0.685,354,332,5.8,YES
09:57:23,1364,person,0.673,337,333,1.8,
09:57:23,1365,person,0.688,327,332,3.6,
09:57:23,1366,person,0.682,330,331,1.1,
09:57:23,1367,person,0.675,329,332,1.8,
09:57:23,1368,person,0.686,328,332,9.4,
09:57:23,1369,person,0.694,327,333,3.6,
09:57:23,1370,person,0.696,326,328,1.5,
09:57:23,1371,person,0.696,326,331,1.4,
09:57:23,1372,person,0.685,327,331,0.8,
09:57:23,1373,person,0.683,325,332,1.1,
09:57:23,1374,person,0.686,327,332,0.4,
09:57:23,1375,person,0.697,336,331,3.8,
09:57:23,1376,person,0.699,339,330,4.7,
09:57:23,1377,person,0.691,327,331,0.0,
09:57:23,1378,person,0.687,330,331,1.8,
09:57:23,1379,person,0.692,330,331,1.1,
09:57:23,1380,person,0.688,328,330,2.9,
09:57:23,1381,person,0.692,326,332,4.7,
09:57:23,1382,person,0.703,329,332,0.8,
09:57:24,1383,person,0.693,325,333,1.9,
09:57:24,1384,person,0.704,332,333,1.0,
09:57:24,1385,person,0.69,323,333,2.1,
09:57:24,1386,person,0.716,328,333,0.8,
09:57:24,1387,person,0.696,325,332,1.4,
09:57:24,1388,person,0.698,326,331,0.8,
09:57:24,1389,person,0.706,333,332,0.5,
09:57:24,1390,person,0.699,333,332,3.6,
09:57:24,1391,person,0.693,332,332,1.5,
09:57:24,1392,person,0.706,333,331,2.9,
09:57:24,1393,person,0.705,332,330,2.2,
09:57:24,1394,person,0.715,334,330,0.8,
09:57:24,1395,person,0.711,329,332,1.4,
09:57:24,1396,person,0.701,336,333,1.5,
09:57:24,1397,person,0.69,329,334,1.8,
09:57:24,1398,person,0.691,333,332,0.8,
09:57:24,1399,person,0.705,328,332,2.3,
09:57:24,1400,person,0.688,328,333,0.5,
09:57:24,1401,person,0.69,327,332,3.3,
09:57:24,1402,person,0.691,325,332,1.6,
09:57:25,1403,person,0.688,328,333,1.8,
09:57:25,1404,person,0.697,333,332,1.8,
09:57:25,1405,person,0.704,331,332,1.1,
09:57:25,1406,person,0.699,326,334,0.8,
09:57:25,1407,person,0.71,330,333,1.8,
09:57:25,1408,person,0.697,329,333,0.4,
09:57:25,1409,person,0.681,331,330,1.0,
09:57:25,1410,person,0.681,331,330,0.7,
09:57:25,1411,person,0.699,321,331,2.1,
09:57:25,1412,person,0.687,328,331,1.0,
09:57:25,1413,person,0.7,325,331,1.6,
09:57:25,1414,person,0.683,327,331,1.5,
09:57:25,1415,person,0.703,328,331,1.1,
09:57:25,1416,person,0.686,327,331,2.2,
09:57:25,1417,person,0.69,327,333,0.8,
09:57:25,1418,person,0.687,327,332,0.8,
09:57:25,1419,person,0.694,325,333,1.0,
09:57:25,1420,person,0.681,325,332,1.1,
09:57:25,1421,person,0.696,332,333,1.9,
09:57:25,1422,person,0.678,334,332,2.5,
09:57:26,1423,person,0.714,333,331,2.2,
09:57:26,1424,person,0.706,328,332,1.1,
09:57:26,1425,person,0.691,330,331,1.8,
09:57:26,1426,person,0.696,326,332,2.2,
09:57:26,1427,person,0.698,327,332,2.5,
09:57:26,1428,person,0.706,332,332,0.5,
09:57:26,1429,person,0.693,332,332,1.5,
09:57:26,1430,person,0.705,327,332,1.1,
09:57:26,1431,person,0.692,332,332,2.2,
09:57:26,1432,person,0.693,333,333,2.2,
09:57:26,1433,person,0.705,327,331,1.8,
09:57:26,1434,person,0.713,330,332,0.7,
09:57:26,1435,person,0.685,333,332,2.2,
09:57:26,1436,person,0.696,327,332,1.8,
09:57:26,1437,person,0.708,328,333,1.9,
09:57:26,1438,person,0.709,333,333,2.4,
09:57:26,1439,person,0.701,323,331,2.7,
09:57:26,1440,person,0.702,325,332,3.1,
09:57:26,1441,person,0.698,335,332,3.0,
09:57:26,1442,person,0.704,325,332,1.2,
09:57:27,1443,person,0.711,321,332,4.3,
09:57:27,1444,person,0.707,331,333,3.0,
09:57:27,1445,person,0.713,333,333,2.9,
09:57:27,1446,person,0.707,326,333,3.3,
09:57:27,1447,person,0.699,329,332,1.4,
09:57:27,1448,person,0.711,334,332,4.7,
09:57:27,1449,person,0.712,329,332,0.8,
09:57:27,1450,person,0.708,332,332,0.5,
09:57:27,1451,person,0.675,328,332,0.8,
09:57:27,1452,person,0.71,328,331,0.5,
09:57:27,1453,person,0.699,332,332,0.7,
09:57:27,1454,person,0.703,333,332,1.4,
09:57:27,1455,person,0.685,325,331,2.5,
09:57:27,1456,person,0.702,333,332,1.8,
09:57:27,1457,person,0.702,325,332,1.1,
09:57:27,1458,person,0.7,326,333,2.2,
09:57:27,1459,person,0.704,329,333,1.5,
09:57:27,1460,person,0.713,334,333,3.3,
09:57:27,1461,person,0.696,331,333,0.8,
09:57:27,1462,person,0.726,332,332,2.5,
09:57:28,1463,person,0.703,330,333,1.4,
09:57:28,1464,person,0.715,329,333,0.0,
09:57:28,1465,person,0.705,327,332,2.5,
09:57:28,1466,person,0.699,326,333,1.8,
09:57:28,1467,person,0.695,330,332,0.7,
09:57:28,1468,person,0.701,328,332,0.8,
09:57:28,1469,person,0.69,329,332,0.4,
09:57:28,1470,person,0.684,329,330,1.0,
09:57:28,1471,person,0.699,323,332,1.1,
09:57:28,1472,person,0.703,338,332,2.9,
09:57:28,1473,person,0.696,325,332,1.1,
09:57:28,1474,person,0.698,332,331,1.1,
09:57:28,1475,person,0.701,328,330,0.4,
09:57:28,1476,person,0.688,331,332,2.9,
09:57:28,1477,person,0.684,328,331,3.6,
09:57:28,1478,person,0.687,330,331,1.8,
09:57:28,1479,person,0.684,327,331,1.8,
09:57:28,1480,person,0.695,330,331,0.8,
09:57:28,1481,person,0.693,330,330,0.8,
09:57:28,1482,person,0.691,334,330,2.2,
09:57:29,1483,person,0.69,324,331,2.2,
09:57:29,1484,person,0.694,333,333,2.3,
09:57:29,1485,person,0.696,327,332,1.1,
09:57:29,1486,person,0.678,334,330,1.4,
09:57:29,1487,person,0.677,327,328,2.6,
09:57:29,1488,person,0.685,347,332,8.3,
09:57:29,1489,person,0.682,335,331,1.0,
09:57:29,1490,person,0.688,331,331,1.5,
09:57:29,1491,person,0.704,339,331,1.8,
09:57:29,1492,person,0.687,332,331,2.1,
09:57:29,1493,person,0.683,333,330,5.1,
09:57:29,1494,person,0.685,331,331,1.4,
09:57:29,1495,person,0.691,344,331,4.7,
09:57:29,1496,person,0.674,332,331,2.5,
09:57:29,1497,person,0.685,328,331,1.4,
09:57:29,1498,person,0.686,330,330,1.1,
09:57:29,1499,person,0.681,334,330,1.1,
09:57:29,1500,person,0.683,331,330,4.7,
09:57:29,1501,person,0.685,331,332,0.5,
09:57:29,1502,person,0.684,326,330,0.8,
09:57:30,1503,person,0.684,328,331,0.8,
09:57:30,1504,person,0.679,331,332,1.3,
09:57:30,1505,person,0.691,326,330,1.8,
09:57:30,1506,person,0.682,326,331,1.8,
09:57:30,1507,person,0.678,328,330,0.7,
09:57:30,1508,person,0.687,335,330,2.6,
09:57:30,1509,person,0.698,328,330,1.3,
09:57:30,1510,person,0.682,326,332,0.7,
09:57:30,1511,person,0.696,352,331,9.4,YES
09:57:30,1512,person,0.692,332,332,1.6,
09:57:30,1513,person,0.692,326,331,3.3,
09:57:30,1514,person,0.687,328,330,0.0,
09:57:30,1515,person,0.676,329,332,1.1,
09:57:30,1516,person,0.691,329,331,8.9,
09:57:30,1517,person,0.685,326,330,2.4,
09:57:30,1518,person,0.693,332,329,2.4,
09:57:30,1519,person,0.684,326,331,0.8,
09:57:30,1520,person,0.692,318,330,4.1,
09:57:30,1521,person,0.677,324,331,1.8,
09:57:30,1522,person,0.678,324,329,0.8,
09:57:30,1523,person,0.676,328,331,1.6,
09:57:31,1524,person,0.672,331,330,1.8,
09:57:31,1525,person,0.681,325,332,2.6,
09:57:31,1526,person,0.686,330,330,2.2,
09:57:31,1527,person,0.68,327,331,1.3,
09:57:31,1528,person,0.686,330,331,0.7,
09:57:31,1529,person,0.692,335,330,1.4,
09:57:31,1530,person,0.685,328,331,1.1,
09:57:31,1531,person,0.696,327,331,1.1,
09:57:31,1532,person,0.683,351,331,8.7,
09:57:31,1533,person,0.678,328,329,1.0,
09:57:31,1534,person,0.68,327,331,2.9,
09:57:31,1535,person,0.694,331,330,1.1,
09:57:31,1536,person,0.691,329,330,0.8,
09:57:31,1537,person,0.682,325,330,9.4,
09:57:31,1538,person,0.683,329,328,0.5,
09:57:31,1539,person,0.683,329,328,1.3,
09:57:31,1540,person,0.681,325,329,2.2,
09:57:31,1541,person,0.675,329,329,0.4,
09:57:31,1542,person,0.687,326,330,0.4,
09:57:31,1543,person,0.679,328,328,0.4,
09:57:32,1544,person,0.687,352,330,8.3,YES
09:57:32,1545,person,0.68,331,330,2.2,
09:57:32,1546,person,0.695,327,329,0.7,
09:57:32,1547,person,0.682,331,329,1.8,
09:57:32,1548,person,0.691,332,330,1.6,
09:57:32,1549,person,0.699,333,331,6.9,
09:57:32,1550,person,0.682,322,330,3.2,
09:57:32,1551,person,0.704,327,331,0.7,
09:57:32,1552,person,0.69,331,331,0.7,
09:57:32,1553,person,0.68,355,332,8.3,YES
09:57:32,1554,person,0.681,325,331,2.9,
09:57:32,1555,person,0.676,327,331,1.8,
09:57:32,1556,person,0.681,327,331,0.0,
09:57:32,1557,person,0.688,326,331,1.8,
09:57:32,1558,person,0.692,351,331,1.5,
09:57:32,1559,person,0.681,331,330,2.3,
09:57:32,1560,person,0.688,325,330,0.9,
09:57:32,1561,person,0.677,329,331,0.8,
09:57:32,1562,person,0.683,329,331,1.1,
09:57:32,1563,person,0.702,336,330,5.6,
09:57:33,1564,person,0.669,331,331,0.4,
09:57:33,1565,person,0.678,329,331,1.5,
09:57:33,1566,person,0.684,332,331,1.1,
09:57:33,1567,person,0.696,329,329,0.7,
09:57:33,1568,person,0.678,332,331,1.5,
09:57:33,1569,person,0.683,330,330,0.5,
09:57:33,1570,person,0.682,327,331,0.7,
09:57:33,1571,person,0.676,329,331,1.1,
09:57:33,1572,person,0.696,329,331,0.7,
09:57:33,1573,person,0.689,329,330,1.1,
09:57:33,1574,person,0.694,331,331,0.5,
09:57:33,1575,person,0.685,330,329,1.3,
09:57:33,1576,person,0.684,327,331,0.7,
09:57:33,1577,person,0.681,331,331,0.7,
09:57:33,1578,person,0.691,335,330,2.2,
09:57:33,1579,person,0.688,321,330,3.6,
09:57:33,1580,person,0.681,333,330,1.1,
09:57:33,1581,person,0.688,328,329,0.8,
09:57:33,1582,person,0.683,329,331,0.7,
09:57:33,1583,person,0.688,332,329,1.1,
09:57:34,1584,person,0.686,331,330,3.6,
09:57:34,1585,person,0.685,328,330,1.8,
09:57:34,1586,person,0.688,332,331,1.6,
09:57:34,1587,person,0.675,324,329,1.9,
09:57:34,1588,person,0.683,329,330,1.1,
09:57:34,1589,person,0.692,325,330,2.2,
09:57:34,1590,person,0.682,330,330,0.7,
09:57:34,1591,person,0.682,325,330,2.5,
09:57:34,1592,person,0.704,332,330,2.9,
09:57:34,1593,person,0.685,327,330,0.7,
09:57:34,1594,person,0.676,322,331,1.1,
09:57:34,1595,person,0.679,355,331,9.0,YES
09:57:34,1596,person,0.69,329,332,1.6,
09:57:34,1597,person,0.698,324,331,2.9,
09:57:34,1598,person,0.682,326,330,0.4,
09:57:34,1599,person,0.689,328,330,2.2,
09:57:34,1600,person,0.684,328,331,9.7,
09:57:34,1601,person,0.69,331,330,1.0,
09:57:34,1602,person,0.684,332,329,3.0,
09:57:34,1603,person,0.679,332,330,2.2,
09:57:35,1604,person,0.684,326,330,0.7,
09:57:35,1605,person,0.692,337,330,3.3,
09:57:35,1606,person,0.697,324,330,2.5,
09:57:35,1607,person,0.679,331,330,0.5,
09:57:35,1608,person,0.683,331,330,0.4,
09:57:35,1609,person,0.688,325,331,0.5,
09:57:35,1610,person,0.693,323,329,5.0,
09:57:35,1611,person,0.676,328,330,1.4,
09:57:35,1612,person,0.683,333,331,0.8,
09:57:35,1613,person,0.685,323,331,2.9,
09:57:35,1614,person,0.7,324,332,0.5,
09:57:35,1615,person,0.694,328,330,1.8,
09:57:35,1616,person,0.691,326,331,0.8,
09:57:35,1617,person,0.694,327,331,2.2,
09:57:35,1618,person,0.704,329,330,2.2,
09:57:35,1619,person,0.688,326,330,1.0,
09:57:35,1620,person,0.68,327,331,0.5,
09:57:35,1621,person,0.689,326,330,0.4,
09:57:35,1622,person,0.679,323,329,1.6,
09:57:35,1623,person,0.691,327,330,0.7,
09:57:36,1624,person,0.681,330,329,1.5,
09:57:36,1625,person,0.681,329,330,0.8,
09:57:36,1626,person,0.685,327,331,0.5,
09:57:36,1627,person,0.684,332,330,3.3,
09:57:36,1628,person,0.7,330,331,1.1,
09:57:36,1629,person,0.7,330,331,0.7,
09:57:36,1630,person,0.678,329,329,0.4,
09:57:36,1631,person,0.69,328,331,0.4,
09:57:36,1632,person,0.678,329,330,1.1,
09:57:36,1633,person,0.685,325,332,1.8,
09:57:36,1634,person,0.682,326,331,1.4,
09:57:36,1635,person,0.682,324,330,1.8,
09:57:36,1636,person,0.677,330,332,0.8,
09:57:36,1637,person,0.686,332,330,1.1,
09:57:36,1638,person,0.696,329,332,1.4,
09:57:36,1639,person,0.678,331,331,1.8,
09:57:36,1640,person,0.681,326,328,1.0,
09:57:36,1641,person,0.687,332,329,1.3,
09:57:36,1642,person,0.68,323,330,3.2,
09:57:36,1643,person,0.686,323,331,2.2,
09:57:37,1644,person,0.687,327,330,1.5,
09:57:37,1645,person,0.689,327,331,1.1,
09:57:37,1646,person,0.697,328,330,1.5,
09:57:37,1647,person,0.691,332,331,3.3,
09:57:37,1648,person,0.691,325,330,0.8,
09:57:37,1649,person,0.693,328,330,0.4,
09:57:37,1650,person,0.683,328,331,0.4,
09:57:37,1651,person,0.681,331,330,1.1,
09:57:37,1652,person,0.692,320,330,4.3,
09:57:37,1653,person,0.686,329,330,1.4,
09:57:37,1654,person,0.687,326,330,0.7,
09:57:37,1655,person,0.686,328,330,0.4,
09:57:37,1656,person,0.695,332,330,0.4,
09:57:37,1657,person,0.701,324,331,1.5,
09:57:37,1658,person,0.693,333,331,1.5,
09:57:37,1659,person,0.697,333,331,2.6,
09:57:37,1660,person,0.688,332,330,1.4,
09:57:37,1661,person,0.678,327,330,1.8,
09:57:37,1662,person,0.697,327,330,1.1,
09:57:37,1663,person,0.695,327,331,2.2,
09:57:38,1664,person,0.694,325,330,2.9,
09:57:38,1665,person,0.687,324,330,2.9,
09:57:38,1666,person,0.679,328,328,0.8,
09:57:38,1667,person,0.695,327,331,0.4,
09:57:38,1668,person,0.679,329,330,0.8,
09:57:38,1669,person,0.678,325,330,0.0,
09:57:38,1670,person,0.685,320,330,1.4,
09:57:38,1671,person,0.7,329,330,0.8,
09:57:38,1672,person,0.684,330,331,1.1,
09:57:38,1673,person,0.699,333,331,1.5,
09:57:38,1674,person,0.688,326,331,0.5,
09:57:38,1675,person,0.693,327,331,2.5,
09:57:38,1676,person,0.684,329,331,0.4,
09:57:38,1677,person,0.681,329,330,0.5,
09:57:38,1678,person,0.697,331,331,0.7,
09:57:38,1679,person,0.695,326,331,0.0,
09:57:38,1680,person,0.7,328,331,0.4,
09:57:38,1681,person,0.682,326,329,1.3,
09:57:38,1682,person,0.691,324,330,1.8,
09:57:38,1683,person,0.682,324,331,2.5,
09:57:39,1684,person,0.684,332,330,2.1,
09:57:39,1685,person,0.692,327,330,0.5,
09:57:39,1686,person,0.681,329,331,1.3,
09:57:39,1687,person,0.686,326,331,0.8,
09:57:39,1688,person,0.678,329,330,1.8,
09:57:39,1689,person,0.687,326,331,2.2,
09:57:39,1690,person,0.688,333,330,2.2,
09:57:39,1691,person,0.684,331,330,0.8,
09:57:39,1692,person,0.692,332,330,2.2,
09:57:39,1693,person,0.686,327,331,0.8,
09:57:39,1694,person,0.7,325,330,0.5,
09:57:39,1695,person,0.685,352,330,6.8,YES
09:57:39,1696,person,0.703,320,330,4.0,
09:57:39,1697,person,0.692,323,330,3.3,
09:57:39,1698,person,0.695,331,331,1.5,
09:57:39,1699,person,0.693,358,328,12.8,YES
09:57:39,1700,person,0.683,326,332,10.1,
09:57:39,1701,person,0.676,328,332,3.2,
09:57:39,1702,person,0.702,330,330,2.7,
09:57:39,1703,person,0.681,330,330,0.5,
09:57:40,1704,person,0.687,329,330,10.5,
09:57:40,1705,person,0.697,327,331,0.5,
09:57:40,1706,person,0.689,357,330,10.4,YES
09:57:40,1707,person,0.692,327,330,1.1,
09:57:40,1708,person,0.68,326,331,1.5,
09:57:40,1709,person,0.702,325,330,1.4,
09:57:40,1710,person,0.691,329,331,0.7,
09:57:40,1711,person,0.68,329,331,10.1,
09:57:40,1712,person,0.684,330,330,1.1,
09:57:40,1713,person,0.695,325,331,0.4,
09:57:40,1714,person,0.696,332,331,2.5,
09:57:40,1715,person,0.689,331,332,0.8,
09:57:40,1716,person,0.689,326,331,1.1,
09:57:40,1717,person,0.68,326,331,1.5,
09:57:40,1718,person,0.682,329,331,1.4,
09:57:40,1719,person,0.696,327,331,1.8,
09:57:40,1720,person,0.686,352,330,7.6,YES
09:57:40,1721,person,0.688,333,331,2.5,
09:57:40,1722,person,0.685,327,330,0.5,
09:57:40,1723,person,0.688,331,330,0.8,
09:57:41,1724,person,0.685,331,331,1.4,
09:57:41,1725,person,0.685,328,330,8.6,
09:57:41,1726,person,0.69,324,331,3.2,
09:57:41,1727,person,0.696,328,329,0.5,
09:57:41,1728,person,0.7,325,330,2.2,
09:57:41,1729,person,0.692,328,330,1.1,
09:57:41,1730,person,0.694,333,331,1.8,
09:57:41,1731,person,0.689,326,330,0.8,
09:57:41,1732,person,0.683,333,330,1.8,
09:57:41,1733,person,0.683,325,329,0.4,
09:57:41,1734,person,0.695,329,332,0.8,
09:57:41,1735,person,0.705,336,330,1.1,
09:57:41,1736,person,0.685,327,328,0.8,
09:57:41,1737,person,0.687,329,331,1.5,
09:57:41,1738,person,0.695,328,329,1.1,
09:57:41,1739,person,0.683,328,330,0.8,
09:57:41,1740,person,0.69,331,330,1.8,
09:57:41,1741,person,0.684,330,332,1.8,
09:57:41,1742,person,0.688,325,330,1.5,
09:57:41,1743,person,0.684,332,331,1.6,
09:57:42,1744,person,0.673,352,330,8.6,YES
09:57:42,1745,person,0.705,328,331,1.1,
09:57:42,1746,person,0.693,327,330,1.3,
09:57:42,1747,person,0.68,324,330,0.4,
09:57:42,1748,person,0.688,327,330,1.8,
09:57:42,1749,person,0.687,330,330,7.9,
09:57:42,1750,person,0.681,329,330,0.5,
09:57:42,1751,person,0.685,329,330,0.7,
09:57:42,1752,person,0.696,328,331,1.5,
09:57:42,1753,person,0.69,353,330,9.4,YES
09:57:42,1754,person,0.687,328,328,1.0,
09:57:42,1755,person,0.687,328,331,0.5,
09:57:42,1756,person,0.686,328,331,0.5,
09:57:42,1757,person,0.684,325,331,1.1,
09:57:42,1758,person,0.684,325,331,10.1,
09:57:42,1759,person,0.68,331,332,1.8,
09:57:42,1760,person,0.679,324,331,1.4,
09:57:42,1761,person,0.709,323,331,1.8,
09:57:42,1762,person,0.701,322,331,1.1,
09:57:42,1763,person,0.681,326,331,0.4,
09:57:43,1764,person,0.698,328,331,1.1,
09:57:43,1765,person,0.69,325,331,0.4,
09:57:43,1766,person,0.686,328,331,1.8,
09:57:43,1767,person,0.689,327,331,1.8,
09:57:43,1768,person,0.694,331,332,1.8,
09:57:43,1769,person,0.688,327,331,0.4,
09:57:43,1770,person,0.683,327,331,0.7,
09:57:43,1771,person,0.682,327,330,0.5,
09:57:43,1772,person,0.685,332,329,1.9,
09:57:43,1773,person,0.685,320,331,4.0,
09:57:43,1774,person,0.691,329,330,0.8,
09:57:43,1775,person,0.673,329,330,0.8,
09:57:43,1776,person,0.679,327,331,0.4,
09:57:43,1777,person,0.683,330,331,1.0,
09:57:43,1778,person,0.685,326,331,2.2,
09:57:43,1779,person,0.694,328,330,0.4,
09:57:43,1780,person,0.688,332,329,1.1,
09:57:43,1781,person,0.682,328,331,0.4,
09:57:43,1782,person,0.687,327,332,1.1,
09:57:43,1783,person,0.677,331,331,1.8,
09:57:44,1784,person,0.689,331,330,1.1,
09:57:44,1785,person,0.703,323,330,3.2,
09:57:44,1786,person,0.691,324,330,1.5,
09:57:44,1787,person,0.694,326,330,0.8,
09:57:44,1788,person,0.695,324,330,2.5,
09:57:44,1789,person,0.692,323,328,3.0,
09:57:44,1790,person,0.695,351,331,10.1,
09:57:44,1791,person,0.679,351,330,9.7,
09:57:44,1792,person,0.698,339,329,4.7,
09:57:44,1793,person,0.679,326,331,0.8,
09:57:44,1794,person,0.674,330,327,2.5,
09:57:44,1795,person,0.686,351,332,0.4,
09:57:44,1796,person,0.684,329,331,7.9,
09:57:44,1797,person,0.684,330,330,3.3,
09:57:44,1798,person,0.694,330,331,1.4,
09:57:44,1799,person,0.689,354,331,8.8,YES
09:57:44,1800,person,0.691,325,330,9.6,
09:57:44,1801,person,0.68,326,331,1.1,
09:57:44,1802,person,0.677,328,331,0.8,
09:57:44,1803,person,0.7,323,330,2.7,
09:57:44,1804,person,0.682,327,330,10.3,
09:57:45,1805,person,0.696,332,330,2.6,
09:57:45,1806,person,0.68,326,329,0.8,
09:57:45,1807,person,0.681,330,331,0.7,
09:57:45,1808,person,0.695,325,331,0.8,
09:57:45,1809,person,0.694,331,331,1.5,
09:57:45,1810,person,0.695,323,330,3.2,
09:57:45,1811,person,0.685,328,330,0.8,
09:57:45,1812,person,0.692,331,330,0.5,
09:57:45,1813,person,0.695,327,329,1.0,
09:57:45,1814,person,0.676,336,328,2.1,
09:57:45,1815,person,0.681,333,326,3.9,
09:57:45,1816,person,0.684,328,327,1.1,
09:57:45,1817,person,0.701,339,328,3.0,
09:57:45,1818,person,0.684,334,329,2.5,
09:57:45,1819,person,0.694,333,328,1.1,
09:57:45,1820,person,0.695,337,329,1.8,
09:57:45,1821,person,0.696,334,328,2.2,
09:57:45,1822,person,0.692,357,325,6.6,YES
09:57:45,1823,person,0.686,334,327,0.7,
09:57:45,1824,person,0.692,329,326,1.6,
09:57:46,1825,person,0.682,337,327,0.7,
09:57:46,1826,person,0.69,328,328,2.2,
09:57:46,1827,person,0.685,336,328,7.6,
09:57:46,1828,person,0.682,331,330,1.5,
09:57:46,1829,person,0.689,356,328,9.8,YES
09:57:46,1830,person,0.69,333,327,1.4,
09:57:46,1831,person,0.689,332,328,1.4,
09:57:46,1832,person,0.69,336,328,0.0,
09:57:46,1833,person,0.685,334,329,1.1,
09:57:46,1834,person,0.692,335,329,7.5,
09:57:46,1835,person,0.692,335,329,1.0,
09:57:46,1836,person,0.675,334,329,0.8,
09:57:46,1837,person,0.681,337,329,0.5,
09:57:46,1838,person,0.677,333,331,0.8,
09:57:46,1839,person,0.698,339,329,1.4,
09:57:46,1840,person,0.699,332,330,1.1,
09:57:46,1841,person,0.682,331,330,1.1,
09:57:46,1842,person,0.677,330,330,2.5,
09:57:46,1843,person,0.684,335,330,0.8,
09:57:46,1844,person,0.688,336,330,1.1,
09:57:47,1845,person,0.697,333,330,0.4,
09:57:47,1846,person,0.682,329,330,0.7,
09:57:47,1847,person,0.69,333,330,1.1,
09:57:47,1848,person,0.69,333,330,0.7,
09:57:47,1849,person,0.696,335,330,0.4,
09:57:47,1850,person,0.679,357,327,8.7,YES
09:57:47,1851,person,0.693,329,330,0.0,
09:57:47,1852,person,0.685,334,329,0.5,
09:57:47,1853,person,0.681,360,328,9.7,YES
09:57:47,1854,person,0.694,332,329,1.1,
09:57:47,1855,person,0.698,360,328,1.1,YES
09:57:47,1856,person,0.687,354,330,9.0,YES
09:57:47,1857,person,0.691,356,328,8.0,YES
09:57:47,1858,person,0.682,337,329,8.3,
09:57:47,1859,person,0.688,357,326,9.1,YES
09:57:47,1860,person,0.686,338,331,8.0,
09:57:47,1861,person,0.688,335,329,6.9,
09:57:47,1862,person,0.679,336,330,7.2,
09:57:47,1863,person,0.683,328,331,3.3,
09:57:47,1864,person,0.695,334,330,8.4,
09:57:48,1865,person,0.7,331,330,2.5,
09:57:48,1866,person,0.691,332,331,1.3,
09:57:48,1867,person,0.693,331,331,1.8,
09:57:48,1868,person,0.705,336,329,3.0,
09:57:48,1869,person,0.691,333,329,0.5,
09:57:48,1870,person,0.696,328,331,1.1,
09:57:48,1871,person,0.696,332,331,0.0,
09:57:48,1872,person,0.697,331,330,0.4,
09:57:48,1873,person,0.693,330,330,2.2,
09:57:48,1874,person,0.698,340,330,2.5,
09:57:48,1875,person,0.701,340,330,4.3,
09:57:48,1876,person,0.684,340,331,2.9,
09:57:48,1877,person,0.696,332,330,0.4,
09:57:48,1878,person,0.68,336,331,2.2,
09:57:48,1879,person,0.68,335,330,1.8,
09:57:48,1880,person,0.691,337,330,1.1,
09:57:48,1881,person,0.689,337,329,1.3,
09:57:48,1882,person,0.687,342,329,3.6,
09:57:48,1883,person,0.7,337,329,0.8,
09:57:48,1884,person,0.687,333,329,0.8,
09:57:49,1885,person,0.692,360,330,8.3,YES
09:57:49,1886,person,0.677,333,331,1.6,
09:57:49,1887,person,0.692,335,330,2.5,
09:57:49,1888,person,0.697,332,330,1.8,
09:57:49,1889,person,0.71,340,329,2.5,
09:57:49,1890,person,0.694,333,329,9.7,
09:57:49,1891,person,0.687,334,331,0.4,
09:57:49,1892,person,0.691,330,330,1.8,
09:57:49,1893,person,0.691,331,329,0.5,
09:57:49,1894,person,0.698,334,329,2.2,
09:57:49,1895,person,0.688,356,329,8.3,YES
09:57:49,1896,person,0.673,332,330,0.8,
09:57:49,1897,person,0.684,334,330,1.4,
09:57:49,1898,person,0.691,327,328,1.5,
09:57:49,1899,person,0.686,330,331,1.6,
09:57:49,1900,person,0.693,337,329,6.8,
09:57:49,1901,person,0.706,333,329,0.5,
09:57:49,1902,person,0.701,335,330,0.4,
09:57:49,1903,person,0.7,334,331,2.7,
09:57:49,1904,person,0.701,336,330,2.2,
09:57:50,1905,person,0.699,329,330,2.9,
09:57:50,1906,person,0.702,333,330,0.4,
09:57:50,1907,person,0.685,335,329,0.4,
09:57:50,1908,person,0.692,325,332,3.3,
09:57:50,1909,person,0.705,330,330,2.2,
09:57:50,1910,person,0.7,333,330,1.4,
09:57:50,1911,person,0.697,331,330,0.7,
09:57:50,1912,person,0.678,335,329,0.0,
09:57:50,1913,person,0.697,338,330,4.7,
09:57:50,1914,person,0.684,335,329,1.8,
09:57:50,1915,person,0.687,331,329,0.8,
09:57:50,1916,person,0.697,328,330,1.1,
09:57:50,1917,person,0.682,332,330,1.1,
09:57:50,1918,person,0.692,337,329,0.5,
09:57:50,1919,person,0.69,332,331,1.3,
09:57:50,1920,person,0.691,332,331,0.8,
09:57:50,1921,person,0.684,341,329,4.8,
09:57:50,1922,person,0.688,332,331,0.4,
09:57:50,1923,person,0.683,340,330,1.2,
09:57:50,1924,person,0.691,331,330,0.5,
09:57:51,1925,person,0.684,326,330,2.3,
09:57:51,1926,person,0.688,333,331,3.1,
09:57:51,1927,person,0.697,326,330,2.2,
09:57:51,1928,person,0.693,332,331,2.9,
09:57:51,1929,person,0.698,333,330,0.7,
09:57:51,1930,person,0.695,329,329,1.1,
09:57:51,1931,person,0.684,336,329,1.3,
09:57:51,1932,person,0.698,353,330,9.7,YES
09:57:51,1933,person,0.694,336,330,1.5,
09:57:51,1934,person,0.69,332,330,0.4,
09:57:51,1935,person,0.688,333,331,1.7,
09:57:51,1936,person,0.691,327,330,3.5,
09:57:51,1937,person,0.688,332,329,8.1,
09:57:51,1938,person,0.681,329,329,2.7,
09:57:51,1939,person,0.698,331,329,0.5,
09:57:51,1940,person,0.7,338,330,1.9,
09:57:51,1941,person,0.679,335,330,2.9,
09:57:51,1942,person,0.703,329,330,1.1,
09:57:51,1943,person,0.684,327,331,1.0,
09:57:51,1944,person,0.69,336,330,1.8,
09:57:52,1945,person,0.69,337,331,0.5,
09:57:52,1946,person,0.687,335,330,0.0,
09:57:52,1947,person,0.688,328,330,0.4,
09:57:52,1948,person,0.692,336,331,3.2,
09:57:52,1949,person,0.683,332,330,1.4,
09:57:52,1950,person,0.7,338,330,0.5,
09:57:52,1951,person,0.685,336,330,0.4,
09:57:52,1952,person,0.69,328,330,0.0,
09:57:52,1953,person,0.687,330,330,2.2,
09:57:52,1954,person,0.692,338,330,2.2,
09:57:52,1955,person,0.688,330,331,2.9,
09:57:52,1956,person,0.687,333,331,1.1,
09:57:52,1957,person,0.705,328,330,0.0,
09:57:52,1958,person,0.689,332,330,0.7,
09:57:52,1959,person,0.698,336,330,0.7,
09:57:52,1960,person,0.681,335,331,1.8,
09:57:52,1961,person,0.681,331,331,0.7,
09:57:52,1962,person,0.685,330,330,0.7,
09:57:52,1963,person,0.686,336,331,1.5,
09:57:52,1964,person,0.686,336,331,0.4,
09:57:53,1965,person,0.68,335,330,0.4,
09:57:53,1966,person,0.693,359,329,10.1,YES
09:57:53,1967,person,0.679,332,330,0.7,
09:57:53,1968,person,0.69,328,331,2.9,
09:57:53,1969,person,0.687,334,329,1.0,
09:57:53,1970,person,0.696,334,330,0.4,
09:57:53,1971,person,0.697,338,330,7.6,
09:57:53,1972,person,0.7,333,329,0.5,
09:57:53,1973,person,0.702,334,330,2.2,
09:57:53,1974,person,0.694,335,329,0.4,
09:57:53,1975,person,0.693,330,330,1.4,
09:57:53,1976,person,0.696,325,330,4.7,
09:57:53,1977,person,0.696,325,330,2.9,
09:57:53,1978,person,0.687,331,331,1.1,
09:57:53,1979,person,0.706,356,329,7.6,YES
09:57:53,1980,person,0.695,336,331,2.2,
09:57:53,1981,person,0.702,329,331,1.5,
09:57:53,1982,person,0.695,332,330,2.5,
09:57:53,1983,person,0.694,328,331,1.1,
09:57:53,1984,person,0.699,331,331,9.1,
09:57:54,1985,person,0.702,335,331,0.4,
09:57:54,1986,person,0.687,330,331,0.4,
09:57:54,1987,person,0.696,333,332,0.8,
09:57:54,1988,person,0.691,333,331,1.8,
09:57:54,1989,person,0.697,335,332,1.5,
09:57:54,1990,person,0.691,326,331,3.2,
09:57:54,1991,person,0.702,330,330,0.4,
09:57:54,1992,person,0.702,337,331,1.5,
09:57:54,1993,person,0.682,333,330,0.4,
09:57:54,1994,person,0.697,335,331,0.4,
09:57:54,1995,person,0.691,336,331,3.6,
09:57:54,1996,person,0.698,359,328,10.5,YES
09:57:54,1997,person,0.689,338,331,0.4,
09:57:54,1998,person,0.681,328,330,1.8,
09:57:54,1999,person,0.69,329,331,2.2,
09:57:54,2000,person,0.702,330,331,2.2,
09:57:54,2001,person,0.696,334,331,9.1,
09:57:54,2002,person,0.703,332,332,2.2,
09:57:54,2003,person,0.702,335,331,2.5,
09:57:54,2004,person,0.7,335,331,2.2,
09:57:55,2005,person,0.682,331,328,1.1,
09:57:55,2006,person,0.703,330,330,1.5,
09:57:55,2007,person,0.686,360,326,10.3,YES
09:57:55,2008,person,0.703,335,331,0.0,
09:57:55,2009,person,0.697,330,331,1.8,
09:57:55,2010,person,0.694,328,330,1.3,
09:57:55,2011,person,0.701,334,331,1.5,
09:57:55,2012,person,0.687,333,331,9.9,
09:57:55,2013,person,0.685,333,331,0.7,
09:57:55,2014,person,0.696,328,330,0.8,
09:57:55,2015,person,0.682,329,331,0.5,
09:57:55,2016,person,0.694,331,330,1.1,
09:57:55,2017,person,0.692,329,331,1.4,
09:57:55,2018,person,0.683,360,329,9.7,YES
09:57:55,2019,person,0.694,335,331,2.5,
09:57:55,2020,person,0.707,335,330,2.2,
09:57:55,2021,person,0.697,331,331,0.4,
09:57:55,2022,person,0.693,328,331,0.4,
09:57:55,2023,person,0.706,334,330,9.4,
09:57:55,2024,person,0.693,330,330,1.8,
09:57:56,2025,person,0.685,355,330,7.2,YES
09:57:56,2026,person,0.7,326,330,1.8,
09:57:56,2027,person,0.698,331,331,1.1,
09:57:56,2028,person,0.707,326,330,2.9,
09:57:56,2029,person,0.685,331,330,0.4,
09:57:56,2030,person,0.693,332,331,8.3,
09:57:56,2031,person,0.707,331,331,1.8,
09:57:56,2032,person,0.701,330,330,0.5,
09:57:56,2033,person,0.683,331,331,1.8,
09:57:56,2034,person,0.696,331,330,0.0,
09:57:56,2035,person,0.699,331,331,0.4,
09:57:56,2036,person,0.677,326,329,1.9,
09:57:56,2037,person,0.688,327,330,1.1,
09:57:56,2038,person,0.707,336,331,1.8,
09:57:56,2039,person,0.703,326,331,1.8,
09:57:56,2040,person,0.688,333,331,0.7,
09:57:56,2041,person,0.678,335,329,3.2,
09:57:56,2042,person,0.689,332,329,1.9,
09:57:56,2043,person,0.684,326,332,3.6,
09:57:56,2044,person,0.704,331,330,1.8,
09:57:57,2045,person,0.695,334,330,0.5,
09:57:57,2046,person,0.687,333,330,0.8,
09:57:57,2047,person,0.696,326,329,2.1,
09:57:57,2048,person,0.684,336,331,3.6,
09:57:57,2049,person,0.692,331,331,0.4,
09:57:57,2050,person,0.701,332,331,0.8,
09:57:57,2051,person,0.693,330,330,1.1,
09:57:57,2052,person,0.694,334,331,3.0,
09:57:57,2053,person,0.711,336,330,0.4,
09:57:57,2054,person,0.711,336,330,1.8,
09:57:57,2055,person,0.692,335,331,1.1,
09:57:57,2056,person,0.7,330,330,0.0,
09:57:57,2057,person,0.696,332,330,0.8,
09:57:57,2058,person,0.686,327,329,3.3,
09:57:57,2059,person,0.698,327,331,3.3,
09:57:57,2060,person,0.692,328,330,2.6,
09:57:57,2061,person,0.693,335,331,1.8,
09:57:57,2062,person,0.69,334,331,0.8,
09:57:57,2063,person,0.695,333,331,2.3,
09:57:57,2064,person,0.697,334,330,2.5,
09:57:58,2065,person,0.7,338,331,3.6,
09:57:58,2066,person,0.704,333,330,0.8,
09:57:58,2067,person,0.696,328,329,2.3,
09:57:58,2068,person,0.699,337,330,1.5,
09:57:58,2069,person,0.692,331,330,1.1,
09:57:58,2070,person,0.691,330,329,3.0,
09:57:58,2071,person,0.689,333,330,0.0,
09:57:58,2072,person,0.684,328,331,0.7,
09:57:58,2073,person,0.69,327,330,3.6,
09:57:58,2074,person,0.692,327,330,1.4,
09:57:58,2075,person,0.698,330,330,0.4,
09:57:58,2076,person,0.695,337,330,1.4,
09:57:58,2077,person,0.687,329,330,0.5,
09:57:58,2078,person,0.696,332,329,1.8,
09:57:58,2079,person,0.679,329,331,0.8,
09:57:58,2080,person,0.693,332,330,0.7,
09:57:58,2081,person,0.696,327,330,3.6,
09:57:58,2082,person,0.692,338,330,3.2,
09:57:58,2083,person,0.685,331,329,0.4,
09:57:58,2084,person,0.678,328,330,0.5,
09:57:59,2085,person,0.694,336,331,1.5,
09:57:59,2086,person,0.684,327,330,0.0,
09:57:59,2087,person,0.69,327,330,4.0,
09:57:59,2088,person,0.696,323,330,2.9,
09:57:59,2089,person,0.688,336,330,2.9,
09:57:59,2090,person,0.685,335,330,0.5,
09:57:59,2091,person,0.707,333,329,2.2,
09:57:59,2092,person,0.691,329,330,0.7,
09:57:59,2093,person,0.701,335,330,4.3,
09:57:59,2094,person,0.696,335,329,0.5,
09:57:59,2095,person,0.703,334,329,0.5,
09:57:59,2096,person,0.69,332,330,0.5,
09:57:59,2097,person,0.69,324,329,1.9,
09:57:59,2098,person,0.696,326,330,3.2,
09:57:59,2099,person,0.695,328,329,2.5,
09:57:59,2100,person,0.679,326,331,3.0,
09:57:59,2101,person,0.686,329,330,1.1,
09:57:59,2102,person,0.685,334,330,3.6,
09:57:59,2103,person,0.702,332,330,2.2,
09:57:59,2104,person,0.688,334,330,2.2,
09:58:00,2105,person,0.68,332,330,2.2,
09:58:00,2106,person,0.687,328,330,0.4,
09:58:00,2107,person,0.695,333,330,0.4,
09:58:00,2108,person,0.695,333,330,0.4,
09:58:00,2109,person,0.689,327,330,2.5,
09:58:00,2110,person,0.689,332,330,0.0,
09:58:00,2111,person,0.692,334,330,2.2,
09:58:00,2112,person,0.697,336,331,1.1,
09:58:00,2113,person,0.694,331,332,1.0,
09:58:00,2114,person,0.689,335,330,2.9,
09:58:00,2115,person,0.684,332,331,0.4,
09:58:00,2116,person,0.69,327,330,2.5,
09:58:00,2117,person,0.686,334,330,0.8,
09:58:00,2118,person,0.685,329,331,0.8,
09:58:00,2119,person,0.694,337,330,0.7,
09:58:00,2120,person,0.703,330,330,0.8,
09:58:00,2121,person,0.689,336,330,3.2,
09:58:00,2122,person,0.682,332,329,0.8,
09:58:00,2123,person,0.693,360,328,11.2,YES
09:58:00,2124,person,0.691,331,329,2.2,
09:58:01,2125,person,0.684,329,330,0.4,
09:58:01,2126,person,0.696,330,331,2.2,
09:58:01,2127,person,0.685,330,330,0.8,
09:58:01,2128,person,0.7,333,330,9.6,
09:58:01,2129,person,0.696,327,330,1.4,
09:58:01,2130,person,0.696,327,330,0.7,
09:58:01,2131,person,0.692,335,330,1.7,
09:58:01,2132,person,0.695,331,330,0.3,
09:58:01,2133,person,0.707,330,331,1.1,
09:58:01,2134,person,0.706,328,330,0.4,
09:58:01,2135,person,0.688,328,330,0.4,
09:58:01,2136,person,0.697,327,331,2.9,
09:58:01,2137,person,0.683,330,330,0.4,
09:58:01,2138,person,0.705,359,329,10.5,YES
09:58:01,2139,person,0.702,332,330,1.4,
09:58:01,2140,person,0.697,328,330,0.0,
09:58:01,2141,person,0.691,334,330,2.5,
09:58:01,2142,person,0.687,335,330,1.8,
09:58:01,2143,person,0.687,335,330,8.6,
09:58:01,2144,person,0.701,329,331,1.1,
09:58:02,2145,person,0.692,332,329,1.5,
09:58:02,2146,person,0.683,334,330,0.0,
09:58:02,2147,person,0.683,335,330,0.0,
09:58:02,2148,person,0.688,336,330,0.4,
09:58:02,2149,person,0.687,324,331,1.8,
09:58:02,2150,person,0.692,330,331,1.0,
09:58:02,2151,person,0.684,331,330,1.1,
09:58:02,2152,person,0.69,336,331,0.5,
09:58:02,2153,person,0.677,328,330,2.9,
09:58:02,2154,person,0.687,329,330,1.8,
09:58:02,2155,person,0.703,329,331,0.4,
09:58:02,2156,person,0.699,328,330,1.1,
09:58:02,2157,person,0.689,328,331,2.9,
09:58:02,2158,person,0.691,332,330,1.4,
09:58:02,2159,person,0.705,331,331,0.8,
09:58:02,2160,person,0.686,330,330,0.5,
09:58:02,2161,person,0.677,331,331,1.2,
09:58:02,2162,person,0.699,331,331,1.1,
09:58:02,2163,person,0.693,332,330,0.0,
09:58:02,2164,person,0.689,330,331,0.4,
09:58:03,2165,person,0.69,332,331,0.9,
09:58:03,2166,person,0.696,326,330,1.9,
09:58:03,2167,person,0.696,333,331,0.7,
09:58:03,2168,person,0.7,339,329,2.6,
09:58:03,2169,person,0.689,358,327,10.2,YES
09:58:03,2170,person,0.696,337,330,1.8,
09:58:03,2171,person,0.694,337,331,4.0,
09:58:03,2172,person,0.703,333,329,0.7,
09:58:03,2173,person,0.7,326,330,4.7,
09:58:03,2174,person,0.7,333,329,9.0,
09:58:03,2175,person,0.703,326,329,4.0,
09:58:03,2176,person,0.683,329,330,2.9,
09:58:03,2177,person,0.693,328,331,1.9,
09:58:03,2178,person,0.692,328,330,0.7,
09:58:03,2179,person,0.683,332,330,0.5,
09:58:03,2180,person,0.694,334,330,2.9,
09:58:03,2181,person,0.693,330,329,0.5,
09:58:03,2182,person,0.697,331,329,1.3,
09:58:03,2183,person,0.681,335,330,2.5,
09:58:03,2184,person,0.686,328,331,1.5,
09:58:04,2185,person,0.696,330,330,1.4,
09:58:04,2186,person,0.708,331,331,0.8,
09:58:04,2187,person,0.692,333,330,0.8,
09:58:04,2188,person,0.695,328,331,2.6,
09:58:04,2189,person,0.683,330,331,0.7,
09:58:04,2190,person,0.689,324,331,2.2,
09:58:04,2191,person,0.699,335,331,1.4,
09:58:04,2192,person,0.705,331,330,0.7,
09:58:04,2193,person,0.682,328,331,0.0,
09:58:04,2194,person,0.684,327,330,1.1,
09:58:04,2195,person,0.689,332,332,2.9,
09:58:04,2196,person,0.686,327,330,2.9,
09:58:04,2197,person,0.682,331,330,0.0,
09:58:04,2198,person,0.689,323,330,1.8,
09:58:04,2199,person,0.679,332,331,1.8,
09:58:04,2200,person,0.696,326,330,2.3,
09:58:04,2201,person,0.693,324,330,1.1,
09:58:04,2202,person,0.692,330,332,0.8,
09:58:04,2203,person,0.695,328,330,1.8,
09:58:04,2204,person,0.68,331,329,0.8,
09:58:05,2205,person,0.687,331,331,1.8,
09:58:05,2206,person,0.698,324,332,0.7,
09:58:05,2207,person,0.703,333,330,1.3,
09:58:05,2208,person,0.698,331,331,1.1,
09:58:05,2209,person,0.692,331,330,0.4,
09:58:05,2210,person,0.688,327,332,1.5,
09:58:05,2211,person,0.698,334,330,3.7,
09:58:05,2212,person,0.69,335,331,0.8,
09:58:05,2213,person,0.697,329,331,0.7,
09:58:05,2214,person,0.712,327,331,1.5,
09:58:05,2215,person,0.705,322,331,1.8,
09:58:05,2216,person,0.683,331,331,1.1,
09:58:05,2217,person,0.69,336,330,0.5,
09:58:05,2218,person,0.691,325,330,1.5,
09:58:05,2219,person,0.689,328,331,0.4,
09:58:05,2220,person,0.685,333,331,4.0,
09:58:05,2221,person,0.696,336,331,1.8,
09:58:05,2222,person,0.687,322,330,5.0,
09:58:05,2223,person,0.7,331,331,2.2,
09:58:05,2224,person,0.692,326,331,0.7,
09:58:06,2225,person,0.685,326,330,2.5,
09:58:06,2226,person,0.703,325,331,4.0,
09:58:06,2227,person,0.697,324,330,0.7,
09:58:06,2228,person,0.706,337,330,2.2,
09:58:06,2229,person,0.696,331,330,1.8,
09:58:06,2230,person,0.699,326,330,0.0,
09:58:06,2231,person,0.68,336,331,4.0,
09:58:06,2232,person,0.692,329,331,1.8,
09:58:06,2233,person,0.692,329,331,2.9,
09:58:06,2234,person,0.691,357,329,9.4,YES
09:58:06,2235,person,0.688,333,330,2.5,
09:58:06,2236,person,0.697,327,329,3.4,
09:58:06,2237,person,0.692,335,329,2.3,
09:58:06,2238,person,0.685,331,330,0.8,
09:58:06,2239,person,0.691,328,329,10.4,
09:58:06,2240,person,0.71,327,328,2.3,
09:58:06,2241,person,0.683,329,331,1.0,
09:58:06,2242,person,0.704,340,330,1.8,
09:58:06,2243,person,0.687,336,330,1.8,
09:58:06,2244,person,0.693,341,329,4.7,
09:58:07,2245,person,0.692,332,329,1.8,
09:58:07,2246,person,0.705,333,330,1.5,
09:58:07,2247,person,0.689,328,330,4.3,
09:58:07,2248,person,0.695,332,329,1.5,
09:58:07,2249,person,0.711,329,331,4.4,
09:58:07,2250,person,0.706,325,331,2.6,
09:58:07,2251,person,0.695,330,329,1.1,
09:58:07,2252,person,0.692,332,330,1.4,
09:58:07,2253,person,0.705,329,329,1.1,
09:58:07,2254,person,0.691,331,330,0.8,
09:58:07,2255,person,0.694,333,330,2.9,
09:58:07,2256,person,0.696,337,329,2.5,
09:58:07,2257,person,0.695,327,329,1.8,
09:58:07,2258,person,0.696,335,329,2.2,
09:58:07,2259,person,0.696,335,329,1.5,
09:58:07,2260,person,0.689,330,330,1.1,
09:58:07,2261,person,0.692,330,329,2.5,
09:58:07,2262,person,0.691,327,331,0.7,
09:58:07,2263,person,0.692,329,330,2.2,
09:58:07,2264,person,0.685,332,330,1.1,
09:58:08,2265,person,0.694,335,331,1.8,
09:58:08,2266,person,0.69,328,330,0.8,
09:58:08,2267,person,0.697,331,331,1.4,
09:58:08,2268,person,0.675,333,330,1.4,
09:58:08,2269,person,0.687,332,331,0.4,
09:58:08,2270,person,0.683,332,329,1.3,
